--- TC_VERSION 1.1.0

UPDATE `ps_tab` SET `position` = '3' WHERE `ps_tab`.`id_tab` = 89;
UPDATE `ps_tab` SET `position` = '4' WHERE `ps_tab`.`id_tab` = 84;
UPDATE `ps_tab` SET `position` = '5' WHERE `ps_tab`.`id_tab` = 85;
UPDATE `ps_tab` SET `position` = '6' WHERE `ps_tab`.`id_tab` = 55;
UPDATE `ps_tab` SET `position` = '8' WHERE `ps_tab`.`id_tab` = 92;
UPDATE `ps_tab` SET `position` = '9' WHERE `ps_tab`.`id_tab` = 103;
UPDATE `ps_tab` SET `position` = '10' WHERE `ps_tab`.`id_tab` = 105;


UPDATE `ps_tab` SET `active` = '1' WHERE `ps_tab`.`id_tab` = 105;
UPDATE `ps_tab` SET `active` = '1' WHERE `ps_tab`.`id_tab` = 107;
UPDATE `ps_tab` SET `active` = '1' WHERE `ps_tab`.`id_tab` = 108;

UPDATE `ps_tab_lang` SET `name` = '管理者' WHERE `ps_tab_lang`.`id_tab` = 105 AND `ps_tab_lang`.`id_lang` = 1;
UPDATE `ps_tab_lang` SET `name` = '帳號' WHERE `ps_tab_lang`.`id_tab` = 106 AND `ps_tab_lang`.`id_lang` = 1;
UPDATE `ps_tab_lang` SET `name` = '角色' WHERE `ps_tab_lang`.`id_tab` = 107 AND `ps_tab_lang`.`id_lang` = 1;

UPDATE `ps_profile_lang` SET `name` = '商品' WHERE `ps_profile_lang`.`id_profile` = 2;
UPDATE `ps_profile_lang` SET `name` = '訂單' WHERE `ps_profile_lang`.`id_profile` = 3;
UPDATE `ps_profile_lang` SET `name` = '設計' WHERE `ps_profile_lang`.`id_profile` = 4;

UPDATE `ps_tab` SET `id_parent` = '77' WHERE `ps_tab`.`id_tab` = 105;




TRUNCATE TABLE `ps_profile`;
INSERT INTO `ps_profile` (`id_profile`) VALUES
(1), (2), (3), (4);

TRUNCATE TABLE `ps_profile_lang`;
INSERT INTO `ps_profile_lang` (`id_lang`, `id_profile`, `name`) VALUES
(1, 1, '超級管理員'),
(2, 1, '超级管理员'),
(3, 1, '超级管理员'),
(4, 1, '超级管理员'),
(1, 2, '商品'),
(2, 2, '商品'),
(3, 2, '商品'),
(4, 2, '商品'),
(1, 3, '訂單'),
(2, 3, '訂單'),
(3, 3, '訂單'),
(4, 3, '訂單'),
(1, 4, '設計'),
(2, 4, '設計'),
(3, 4, '設計'),
(4, 4, '設計');

TRUNCATE TABLE `ps_access`;
INSERT INTO `ps_access` (`id_profile`, `id_authorization_role`) VALUES
(1, 1),
(1, 2),
(1, 3),
(1, 4),
(1, 5),
(1, 6),
(1, 7),
(1, 8),
(1, 9),
(1, 10),
(1, 11),
(1, 12),
(1, 13),
(1, 14),
(1, 15),
(1, 16),
(1, 17),
(1, 18),
(1, 19),
(1, 20),
(1, 21),
(1, 22),
(1, 23),
(1, 24),
(1, 25),
(1, 26),
(1, 27),
(1, 28),
(1, 29),
(1, 30),
(1, 31),
(1, 32),
(1, 33),
(1, 34),
(1, 35),
(1, 36),
(1, 37),
(1, 38),
(1, 39),
(1, 40),
(1, 41),
(1, 42),
(1, 43),
(1, 44),
(1, 45),
(1, 46),
(1, 47),
(1, 48),
(1, 49),
(1, 50),
(1, 51),
(1, 52),
(1, 53),
(1, 54),
(1, 55),
(1, 56),
(1, 57),
(1, 58),
(1, 59),
(1, 60),
(1, 61),
(1, 62),
(1, 63),
(1, 64),
(1, 65),
(1, 66),
(1, 67),
(1, 68),
(1, 69),
(1, 70),
(1, 71),
(1, 72),
(1, 73),
(1, 74),
(1, 75),
(1, 76),
(1, 77),
(1, 78),
(1, 79),
(1, 80),
(1, 81),
(1, 82),
(1, 83),
(1, 84),
(1, 85),
(1, 86),
(1, 87),
(1, 88),
(1, 89),
(1, 90),
(1, 91),
(1, 92),
(1, 93),
(1, 94),
(1, 95),
(1, 96),
(1, 97),
(1, 98),
(1, 99),
(1, 100),
(1, 101),
(1, 102),
(1, 103),
(1, 104),
(1, 105),
(1, 106),
(1, 107),
(1, 108),
(1, 109),
(1, 110),
(1, 111),
(1, 112),
(1, 113),
(1, 114),
(1, 115),
(1, 116),
(1, 117),
(1, 118),
(1, 119),
(1, 120),
(1, 121),
(1, 122),
(1, 123),
(1, 124),
(1, 125),
(1, 126),
(1, 127),
(1, 128),
(1, 129),
(1, 130),
(1, 131),
(1, 132),
(1, 133),
(1, 134),
(1, 135),
(1, 136),
(1, 137),
(1, 138),
(1, 139),
(1, 140),
(1, 141),
(1, 142),
(1, 143),
(1, 144),
(1, 145),
(1, 146),
(1, 147),
(1, 148),
(1, 149),
(1, 150),
(1, 151),
(1, 152),
(1, 153),
(1, 154),
(1, 155),
(1, 156),
(1, 157),
(1, 158),
(1, 159),
(1, 160),
(1, 161),
(1, 162),
(1, 163),
(1, 164),
(1, 165),
(1, 166),
(1, 167),
(1, 168),
(1, 169),
(1, 170),
(1, 171),
(1, 172),
(1, 173),
(1, 174),
(1, 175),
(1, 176),
(1, 177),
(1, 178),
(1, 179),
(1, 180),
(1, 181),
(1, 182),
(1, 183),
(1, 184),
(1, 185),
(1, 186),
(1, 187),
(1, 188),
(1, 189),
(1, 190),
(1, 191),
(1, 192),
(1, 193),
(1, 194),
(1, 195),
(1, 196),
(1, 197),
(1, 198),
(1, 199),
(1, 200),
(1, 201),
(1, 202),
(1, 203),
(1, 204),
(1, 205),
(1, 206),
(1, 207),
(1, 208),
(1, 209),
(1, 210),
(1, 211),
(1, 212),
(1, 213),
(1, 214),
(1, 215),
(1, 216),
(1, 217),
(1, 218),
(1, 219),
(1, 220),
(1, 221),
(1, 222),
(1, 223),
(1, 224),
(1, 225),
(1, 226),
(1, 227),
(1, 228),
(1, 229),
(1, 230),
(1, 231),
(1, 232),
(1, 233),
(1, 234),
(1, 235),
(1, 236),
(1, 237),
(1, 238),
(1, 239),
(1, 240),
(1, 241),
(1, 242),
(1, 243),
(1, 244),
(1, 245),
(1, 246),
(1, 247),
(1, 248),
(1, 249),
(1, 250),
(1, 251),
(1, 252),
(1, 253),
(1, 254),
(1, 255),
(1, 256),
(1, 257),
(1, 258),
(1, 259),
(1, 260),
(1, 261),
(1, 262),
(1, 263),
(1, 264),
(1, 265),
(1, 266),
(1, 267),
(1, 268),
(1, 269),
(1, 270),
(1, 271),
(1, 272),
(1, 273),
(1, 274),
(1, 275),
(1, 276),
(1, 277),
(1, 278),
(1, 279),
(1, 280),
(1, 281),
(1, 282),
(1, 283),
(1, 284),
(1, 285),
(1, 286),
(1, 287),
(1, 288),
(1, 289),
(1, 290),
(1, 291),
(1, 292),
(1, 293),
(1, 294),
(1, 295),
(1, 296),
(1, 297),
(1, 298),
(1, 299),
(1, 300),
(1, 301),
(1, 302),
(1, 303),
(1, 304),
(1, 305),
(1, 306),
(1, 307),
(1, 308),
(1, 309),
(1, 310),
(1, 311),
(1, 312),
(1, 313),
(1, 314),
(1, 315),
(1, 316),
(1, 317),
(1, 318),
(1, 319),
(1, 320),
(1, 321),
(1, 322),
(1, 323),
(1, 324),
(1, 325),
(1, 326),
(1, 327),
(1, 328),
(1, 329),
(1, 330),
(1, 331),
(1, 332),
(1, 333),
(1, 334),
(1, 335),
(1, 336),
(1, 337),
(1, 338),
(1, 339),
(1, 340),
(1, 341),
(1, 342),
(1, 343),
(1, 344),
(1, 345),
(1, 346),
(1, 347),
(1, 348),
(1, 349),
(1, 350),
(1, 351),
(1, 352),
(1, 353),
(1, 354),
(1, 355),
(1, 356),
(1, 357),
(1, 358),
(1, 359),
(1, 360),
(1, 361),
(1, 362),
(1, 363),
(1, 364),
(1, 365),
(1, 366),
(1, 367),
(1, 368),
(1, 369),
(1, 370),
(1, 371),
(1, 372),
(1, 373),
(1, 374),
(1, 375),
(1, 376),
(1, 377),
(1, 378),
(1, 379),
(1, 380),
(1, 381),
(1, 382),
(1, 383),
(1, 384),
(1, 385),
(1, 386),
(1, 387),
(1, 388),
(1, 389),
(1, 390),
(1, 391),
(1, 392),
(1, 393),
(1, 394),
(1, 395),
(1, 396),
(1, 397),
(1, 398),
(1, 399),
(1, 400),
(1, 401),
(1, 402),
(1, 403),
(1, 404),
(1, 405),
(1, 406),
(1, 407),
(1, 408),
(1, 409),
(1, 410),
(1, 411),
(1, 412),
(1, 413),
(1, 414),
(1, 415),
(1, 416),
(1, 417),
(1, 418),
(1, 419),
(1, 420),
(1, 421),
(1, 422),
(1, 423),
(1, 424),
(1, 425),
(1, 426),
(1, 427),
(1, 428),
(1, 429),
(1, 430),
(1, 431),
(1, 432),
(1, 433),
(1, 434),
(1, 435),
(1, 436),
(1, 437),
(1, 438),
(1, 439),
(1, 440),
(1, 441),
(1, 442),
(1, 443),
(1, 444),
(1, 445),
(1, 446),
(1, 447),
(1, 448),
(1, 449),
(1, 450),
(1, 451),
(1, 452),
(1, 465),
(1, 466),
(1, 467),
(1, 468),
(1, 569),
(1, 570),
(1, 571),
(1, 572),
(1, 573),
(1, 574),
(1, 575),
(1, 576),
(1, 577),
(1, 578),
(1, 579),
(1, 580),
(1, 681),
(1, 682),
(1, 683),
(1, 684),
(1, 685),
(1, 686),
(1, 687),
(1, 688),
(1, 745),
(1, 746),
(1, 747),
(1, 748),
(1, 829),
(1, 830),
(1, 831),
(1, 832),
(1, 849),
(1, 850),
(1, 851),
(1, 852),
(1, 857),
(1, 858),
(1, 859),
(1, 860),
(1, 881),
(1, 882),
(1, 883),
(1, 884),
(1, 897),
(2, 25),
(2, 26),
(2, 27),
(2, 28),
(2, 37),
(2, 38),
(2, 39),
(2, 40),
(2, 45),
(2, 46),
(2, 47),
(2, 48),
(2, 49),
(2, 50),
(2, 51),
(2, 52),
(2, 97),
(2, 98),
(2, 99),
(2, 100),
(2, 189),
(2, 190),
(2, 191),
(2, 192),
(2, 234),
(2, 235),
(2, 265),
(2, 266),
(2, 267),
(2, 268),
(2, 301),
(2, 302),
(2, 303),
(2, 304),
(2, 361),
(2, 362),
(2, 363),
(2, 364),
(2, 365),
(2, 366),
(2, 367),
(2, 368),
(2, 377),
(2, 378),
(2, 379),
(2, 380),
(2, 381),
(2, 382),
(2, 383),
(2, 384),
(2, 393),
(2, 394),
(2, 395),
(2, 396),
(2, 425),
(2, 426),
(2, 427),
(2, 428),
(2, 445),
(2, 446),
(2, 447),
(2, 448),
(3, 9),
(3, 10),
(3, 11),
(3, 12),
(3, 41),
(3, 42),
(3, 43),
(3, 44),
(3, 73),
(3, 74),
(3, 75),
(3, 76),
(3, 77),
(3, 78),
(3, 79),
(3, 80),
(3, 173),
(3, 174),
(3, 175),
(3, 176),
(3, 181),
(3, 182),
(3, 183),
(3, 184),
(3, 201),
(3, 202),
(3, 203),
(3, 204),
(3, 209),
(3, 210),
(3, 211),
(3, 212),
(3, 241),
(3, 242),
(3, 243),
(3, 244),
(3, 361),
(3, 362),
(3, 363),
(3, 364),
(3, 445),
(3, 446),
(3, 447),
(3, 448),
(4, 0),
(4, 53),
(4, 54),
(4, 55),
(4, 56),
(4, 165),
(4, 166),
(4, 167),
(4, 168),
(4, 225),
(4, 226),
(4, 227),
(4, 228),
(4, 234),
(4, 235),
(4, 277),
(4, 278),
(4, 279),
(4, 280),
(4, 393),
(4, 394),
(4, 395),
(4, 396),
(4, 409),
(4, 410),
(4, 411),
(4, 412),
(4, 441),
(4, 442),
(4, 443),
(4, 444),
(4, 569),
(4, 570),
(4, 571),
(4, 572),
(4, 573),
(4, 574),
(4, 575),
(4, 576),
(4, 577),
(4, 578),
(4, 579),
(4, 580);

