DELETE FROM `ps_hook` WHERE `id_hook` IN (458, 459, 460, 461, 462);

INSERT IGNORE INTO `ps_hook` (`id_hook`, `name`, `title`, `description`, `position`, `sort`) VALUES
(458, 'displayProductListReviews', 'displayProductListReviews', '', 1, 0);

INSERT IGNORE INTO `ps_hook` (`id_hook`, `name`, `title`, `description`, `position`, `sort`) VALUES
(459, 'moduleRoutes', '前台網址規則', '', 1, 0),
(460, 'displayLeftColumnBlog', '部落格 左側欄', '', 1, 20),
(461, 'displayRightColumnBlog', '部落格 右側欄', '', 1, 41),
(462, 'displayFooterBlog', '部落格頁 頁尾', '', 1, 42);

----

TRUNCATE TABLE `ps_module_access`;
INSERT INTO `ps_module_access` (`id_profile`, `id_authorization_role`) VALUES
(1, 453),
(1, 454),
(1, 455),
(1, 456),
(1, 457),
(1, 458),
(1, 459),
(1, 460),
(1, 461),
(1, 462),
(1, 463),
(1, 464),
(1, 469),
(1, 470),
(1, 471),
(1, 472),
(1, 473),
(1, 474),
(1, 475),
(1, 476),
(1, 477),
(1, 478),
(1, 479),
(1, 480),
(1, 481),
(1, 482),
(1, 483),
(1, 484),
(1, 485),
(1, 486),
(1, 487),
(1, 488),
(1, 489),
(1, 490),
(1, 491),
(1, 492),
(1, 497),
(1, 498),
(1, 499),
(1, 500),
(1, 501),
(1, 502),
(1, 503),
(1, 504),
(1, 509),
(1, 510),
(1, 511),
(1, 512),
(1, 513),
(1, 514),
(1, 515),
(1, 516),
(1, 517),
(1, 518),
(1, 519),
(1, 520),
(1, 521),
(1, 522),
(1, 523),
(1, 524),
(1, 525),
(1, 526),
(1, 527),
(1, 528),
(1, 529),
(1, 530),
(1, 531),
(1, 532),
(1, 533),
(1, 534),
(1, 535),
(1, 536),
(1, 537),
(1, 538),
(1, 539),
(1, 540),
(1, 545),
(1, 546),
(1, 547),
(1, 548),
(1, 549),
(1, 550),
(1, 551),
(1, 552),
(1, 553),
(1, 554),
(1, 555),
(1, 556),
(1, 557),
(1, 558),
(1, 559),
(1, 560),
(1, 561),
(1, 562),
(1, 563),
(1, 564),
(1, 565),
(1, 566),
(1, 567),
(1, 568),
(1, 581),
(1, 582),
(1, 583),
(1, 584),
(1, 597),
(1, 598),
(1, 599),
(1, 600),
(1, 601),
(1, 602),
(1, 603),
(1, 604),
(1, 625),
(1, 626),
(1, 627),
(1, 628),
(1, 633),
(1, 634),
(1, 635),
(1, 636),
(1, 637),
(1, 638),
(1, 639),
(1, 640),
(1, 661),
(1, 662),
(1, 663),
(1, 664),
(1, 673),
(1, 674),
(1, 675),
(1, 676),
(1, 709),
(1, 710),
(1, 711),
(1, 712),
(1, 713),
(1, 714),
(1, 715),
(1, 716),
(1, 721),
(1, 722),
(1, 723),
(1, 724),
(1, 725),
(1, 726),
(1, 727),
(1, 728),
(1, 729),
(1, 730),
(1, 731),
(1, 732),
(1, 757),
(1, 758),
(1, 759),
(1, 760),
(1, 761),
(1, 762),
(1, 763),
(1, 764),
(1, 769),
(1, 770),
(1, 771),
(1, 772),
(1, 773),
(1, 774),
(1, 775),
(1, 776),
(1, 777),
(1, 778),
(1, 779),
(1, 780),
(1, 793),
(1, 794),
(1, 795),
(1, 796),
(1, 797),
(1, 798),
(1, 799),
(1, 800),
(1, 801),
(1, 802),
(1, 803),
(1, 804),
(1, 805),
(1, 806),
(1, 807),
(1, 808),
(1, 809),
(1, 810),
(1, 811),
(1, 812),
(1, 813),
(1, 814),
(1, 815),
(1, 816),
(1, 873),
(1, 874),
(1, 875),
(1, 876),
(1, 877),
(1, 878),
(1, 879),
(1, 880),
(1, 885),
(1, 886),
(1, 887),
(1, 888),
(1, 889),
(1, 890),
(1, 891),
(1, 892),
(1, 893),
(1, 894),
(1, 895),
(1, 896),
(1, 901),
(1, 902),
(1, 903),
(1, 904),
(1, 905),
(1, 906),
(1, 907),
(1, 908),
(1, 909),
(1, 910),
(1, 911),
(1, 912),
(1, 913),
(1, 914),
(1, 915),
(1, 916),
(1, 917),
(1, 918),
(1, 919),
(1, 920),
(1, 921),
(1, 922),
(1, 923),
(1, 924),
(1, 973),
(1, 974),
(1, 975),
(1, 976),
(1, 977),
(1, 978),
(1, 979),
(1, 980),
(1, 981),
(1, 982),
(1, 983),
(1, 984),
(1, 985),
(1, 986),
(1, 987),
(1, 988),
(1, 989),
(1, 990),
(1, 991),
(1, 992),
(1, 993),
(1, 994),
(1, 995),
(1, 996),
(1, 997),
(1, 998),
(1, 999),
(1, 1000),
(1, 1001),
(1, 1002),
(1, 1003),
(1, 1004),
(1, 1005),
(1, 1006),
(1, 1007),
(1, 1008),
(1, 1009),
(1, 1010),
(1, 1011),
(1, 1012),
(1, 1017),
(1, 1018),
(1, 1019),
(1, 1020),
(1, 1041),
(1, 1042),
(1, 1043),
(1, 1044),
(1, 1045),
(1, 1046),
(1, 1047),
(1, 1048),
(1, 1057),
(1, 1058),
(1, 1059),
(1, 1060),
(1, 1061),
(1, 1062),
(1, 1063),
(1, 1064),
(1, 1065),
(1, 1066),
(1, 1067),
(1, 1068),
(1, 1073),
(1, 1074),
(1, 1075),
(1, 1076);


TRUNCATE TABLE `ps_authorization_role`;
INSERT INTO `ps_authorization_role` (`id_authorization_role`, `slug`) VALUES
(1, 'ROLE_MOD_TAB_ADMINACCESS_CREATE'),
(2, 'ROLE_MOD_TAB_ADMINACCESS_READ'),
(3, 'ROLE_MOD_TAB_ADMINACCESS_UPDATE'),
(4, 'ROLE_MOD_TAB_ADMINACCESS_DELETE'),
(5, 'ROLE_MOD_TAB_ADMINADDONSCATALOG_CREATE'),
(6, 'ROLE_MOD_TAB_ADMINADDONSCATALOG_READ'),
(7, 'ROLE_MOD_TAB_ADMINADDONSCATALOG_UPDATE'),
(8, 'ROLE_MOD_TAB_ADMINADDONSCATALOG_DELETE'),
(9, 'ROLE_MOD_TAB_ADMINADDRESSES_CREATE'),
(10, 'ROLE_MOD_TAB_ADMINADDRESSES_READ'),
(11, 'ROLE_MOD_TAB_ADMINADDRESSES_UPDATE'),
(12, 'ROLE_MOD_TAB_ADMINADDRESSES_DELETE'),
(13, 'ROLE_MOD_TAB_ADMINADMINPREFERENCES_CREATE'),
(14, 'ROLE_MOD_TAB_ADMINADMINPREFERENCES_READ'),
(15, 'ROLE_MOD_TAB_ADMINADMINPREFERENCES_UPDATE'),
(16, 'ROLE_MOD_TAB_ADMINADMINPREFERENCES_DELETE'),
(17, 'ROLE_MOD_TAB_ADMINADVANCEDPARAMETERS_CREATE'),
(18, 'ROLE_MOD_TAB_ADMINADVANCEDPARAMETERS_READ'),
(19, 'ROLE_MOD_TAB_ADMINADVANCEDPARAMETERS_UPDATE'),
(20, 'ROLE_MOD_TAB_ADMINADVANCEDPARAMETERS_DELETE'),
(21, 'ROLE_MOD_TAB_ADMINATTACHMENTS_CREATE'),
(22, 'ROLE_MOD_TAB_ADMINATTACHMENTS_READ'),
(23, 'ROLE_MOD_TAB_ADMINATTACHMENTS_UPDATE'),
(24, 'ROLE_MOD_TAB_ADMINATTACHMENTS_DELETE'),
(25, 'ROLE_MOD_TAB_ADMINATTRIBUTESGROUPS_CREATE'),
(26, 'ROLE_MOD_TAB_ADMINATTRIBUTESGROUPS_READ'),
(27, 'ROLE_MOD_TAB_ADMINATTRIBUTESGROUPS_UPDATE'),
(28, 'ROLE_MOD_TAB_ADMINATTRIBUTESGROUPS_DELETE'),
(29, 'ROLE_MOD_TAB_ADMINBACKUP_CREATE'),
(30, 'ROLE_MOD_TAB_ADMINBACKUP_READ'),
(31, 'ROLE_MOD_TAB_ADMINBACKUP_UPDATE'),
(32, 'ROLE_MOD_TAB_ADMINBACKUP_DELETE'),
(33, 'ROLE_MOD_TAB_ADMINCARRIERS_CREATE'),
(34, 'ROLE_MOD_TAB_ADMINCARRIERS_READ'),
(35, 'ROLE_MOD_TAB_ADMINCARRIERS_UPDATE'),
(36, 'ROLE_MOD_TAB_ADMINCARRIERS_DELETE'),
(37, 'ROLE_MOD_TAB_ADMINCARTRULES_CREATE'),
(38, 'ROLE_MOD_TAB_ADMINCARTRULES_READ'),
(39, 'ROLE_MOD_TAB_ADMINCARTRULES_UPDATE'),
(40, 'ROLE_MOD_TAB_ADMINCARTRULES_DELETE'),
(41, 'ROLE_MOD_TAB_ADMINCARTS_CREATE'),
(42, 'ROLE_MOD_TAB_ADMINCARTS_READ'),
(43, 'ROLE_MOD_TAB_ADMINCARTS_UPDATE'),
(44, 'ROLE_MOD_TAB_ADMINCARTS_DELETE'),
(45, 'ROLE_MOD_TAB_ADMINCATALOG_CREATE'),
(46, 'ROLE_MOD_TAB_ADMINCATALOG_READ'),
(47, 'ROLE_MOD_TAB_ADMINCATALOG_UPDATE'),
(48, 'ROLE_MOD_TAB_ADMINCATALOG_DELETE'),
(49, 'ROLE_MOD_TAB_ADMINCATEGORIES_CREATE'),
(50, 'ROLE_MOD_TAB_ADMINCATEGORIES_READ'),
(51, 'ROLE_MOD_TAB_ADMINCATEGORIES_UPDATE'),
(52, 'ROLE_MOD_TAB_ADMINCATEGORIES_DELETE'),
(53, 'ROLE_MOD_TAB_ADMINCMSCONTENT_CREATE'),
(54, 'ROLE_MOD_TAB_ADMINCMSCONTENT_READ'),
(55, 'ROLE_MOD_TAB_ADMINCMSCONTENT_UPDATE'),
(56, 'ROLE_MOD_TAB_ADMINCMSCONTENT_DELETE'),
(57, 'ROLE_MOD_TAB_ADMINCONTACTS_CREATE'),
(58, 'ROLE_MOD_TAB_ADMINCONTACTS_READ'),
(59, 'ROLE_MOD_TAB_ADMINCONTACTS_UPDATE'),
(60, 'ROLE_MOD_TAB_ADMINCONTACTS_DELETE'),
(61, 'ROLE_MOD_TAB_ADMINCOUNTRIES_CREATE'),
(62, 'ROLE_MOD_TAB_ADMINCOUNTRIES_READ'),
(63, 'ROLE_MOD_TAB_ADMINCOUNTRIES_UPDATE'),
(64, 'ROLE_MOD_TAB_ADMINCOUNTRIES_DELETE'),
(65, 'ROLE_MOD_TAB_ADMINCURRENCIES_CREATE'),
(66, 'ROLE_MOD_TAB_ADMINCURRENCIES_READ'),
(67, 'ROLE_MOD_TAB_ADMINCURRENCIES_UPDATE'),
(68, 'ROLE_MOD_TAB_ADMINCURRENCIES_DELETE'),
(69, 'ROLE_MOD_TAB_ADMINCUSTOMERPREFERENCES_CREATE'),
(70, 'ROLE_MOD_TAB_ADMINCUSTOMERPREFERENCES_READ'),
(71, 'ROLE_MOD_TAB_ADMINCUSTOMERPREFERENCES_UPDATE'),
(72, 'ROLE_MOD_TAB_ADMINCUSTOMERPREFERENCES_DELETE'),
(73, 'ROLE_MOD_TAB_ADMINCUSTOMERS_CREATE'),
(74, 'ROLE_MOD_TAB_ADMINCUSTOMERS_READ'),
(75, 'ROLE_MOD_TAB_ADMINCUSTOMERS_UPDATE'),
(76, 'ROLE_MOD_TAB_ADMINCUSTOMERS_DELETE'),
(77, 'ROLE_MOD_TAB_ADMINCUSTOMERTHREADS_CREATE'),
(78, 'ROLE_MOD_TAB_ADMINCUSTOMERTHREADS_READ'),
(79, 'ROLE_MOD_TAB_ADMINCUSTOMERTHREADS_UPDATE'),
(80, 'ROLE_MOD_TAB_ADMINCUSTOMERTHREADS_DELETE'),
(81, 'ROLE_MOD_TAB_ADMINDASHBOARD_CREATE'),
(82, 'ROLE_MOD_TAB_ADMINDASHBOARD_READ'),
(83, 'ROLE_MOD_TAB_ADMINDASHBOARD_UPDATE'),
(84, 'ROLE_MOD_TAB_ADMINDASHBOARD_DELETE'),
(85, 'ROLE_MOD_TAB_ADMINDELIVERYSLIP_CREATE'),
(86, 'ROLE_MOD_TAB_ADMINDELIVERYSLIP_READ'),
(87, 'ROLE_MOD_TAB_ADMINDELIVERYSLIP_UPDATE'),
(88, 'ROLE_MOD_TAB_ADMINDELIVERYSLIP_DELETE'),
(89, 'ROLE_MOD_TAB_ADMINEMAILS_CREATE'),
(90, 'ROLE_MOD_TAB_ADMINEMAILS_READ'),
(91, 'ROLE_MOD_TAB_ADMINEMAILS_UPDATE'),
(92, 'ROLE_MOD_TAB_ADMINEMAILS_DELETE'),
(93, 'ROLE_MOD_TAB_ADMINEMPLOYEES_CREATE'),
(94, 'ROLE_MOD_TAB_ADMINEMPLOYEES_READ'),
(95, 'ROLE_MOD_TAB_ADMINEMPLOYEES_UPDATE'),
(96, 'ROLE_MOD_TAB_ADMINEMPLOYEES_DELETE'),
(97, 'ROLE_MOD_TAB_ADMINFEATURES_CREATE'),
(98, 'ROLE_MOD_TAB_ADMINFEATURES_READ'),
(99, 'ROLE_MOD_TAB_ADMINFEATURES_UPDATE'),
(100, 'ROLE_MOD_TAB_ADMINFEATURES_DELETE'),
(101, 'ROLE_MOD_TAB_ADMINGENDERS_CREATE'),
(102, 'ROLE_MOD_TAB_ADMINGENDERS_READ'),
(103, 'ROLE_MOD_TAB_ADMINGENDERS_UPDATE'),
(104, 'ROLE_MOD_TAB_ADMINGENDERS_DELETE'),
(105, 'ROLE_MOD_TAB_ADMINGEOLOCATION_CREATE'),
(106, 'ROLE_MOD_TAB_ADMINGEOLOCATION_READ'),
(107, 'ROLE_MOD_TAB_ADMINGEOLOCATION_UPDATE'),
(108, 'ROLE_MOD_TAB_ADMINGEOLOCATION_DELETE'),
(109, 'ROLE_MOD_TAB_ADMINGROUPS_CREATE'),
(110, 'ROLE_MOD_TAB_ADMINGROUPS_READ'),
(111, 'ROLE_MOD_TAB_ADMINGROUPS_UPDATE'),
(112, 'ROLE_MOD_TAB_ADMINGROUPS_DELETE'),
(113, 'ROLE_MOD_TAB_ADMINIMAGES_CREATE'),
(114, 'ROLE_MOD_TAB_ADMINIMAGES_READ'),
(115, 'ROLE_MOD_TAB_ADMINIMAGES_UPDATE'),
(116, 'ROLE_MOD_TAB_ADMINIMAGES_DELETE'),
(117, 'ROLE_MOD_TAB_ADMINIMPORT_CREATE'),
(118, 'ROLE_MOD_TAB_ADMINIMPORT_READ'),
(119, 'ROLE_MOD_TAB_ADMINIMPORT_UPDATE'),
(120, 'ROLE_MOD_TAB_ADMINIMPORT_DELETE'),
(121, 'ROLE_MOD_TAB_ADMININFORMATION_CREATE'),
(122, 'ROLE_MOD_TAB_ADMININFORMATION_READ'),
(123, 'ROLE_MOD_TAB_ADMININFORMATION_UPDATE'),
(124, 'ROLE_MOD_TAB_ADMININFORMATION_DELETE'),
(125, 'ROLE_MOD_TAB_ADMININTERNATIONAL_CREATE'),
(126, 'ROLE_MOD_TAB_ADMININTERNATIONAL_READ'),
(127, 'ROLE_MOD_TAB_ADMININTERNATIONAL_UPDATE'),
(128, 'ROLE_MOD_TAB_ADMININTERNATIONAL_DELETE'),
(129, 'ROLE_MOD_TAB_ADMININVOICES_CREATE'),
(130, 'ROLE_MOD_TAB_ADMININVOICES_READ'),
(131, 'ROLE_MOD_TAB_ADMININVOICES_UPDATE'),
(132, 'ROLE_MOD_TAB_ADMININVOICES_DELETE'),
(133, 'ROLE_MOD_TAB_ADMINLANGUAGES_CREATE'),
(134, 'ROLE_MOD_TAB_ADMINLANGUAGES_READ'),
(135, 'ROLE_MOD_TAB_ADMINLANGUAGES_UPDATE'),
(136, 'ROLE_MOD_TAB_ADMINLANGUAGES_DELETE'),
(137, 'ROLE_MOD_TAB_ADMINLINKWIDGET_CREATE'),
(138, 'ROLE_MOD_TAB_ADMINLINKWIDGET_READ'),
(139, 'ROLE_MOD_TAB_ADMINLINKWIDGET_UPDATE'),
(140, 'ROLE_MOD_TAB_ADMINLINKWIDGET_DELETE'),
(141, 'ROLE_MOD_TAB_ADMINLOCALIZATION_CREATE'),
(142, 'ROLE_MOD_TAB_ADMINLOCALIZATION_READ'),
(143, 'ROLE_MOD_TAB_ADMINLOCALIZATION_UPDATE'),
(144, 'ROLE_MOD_TAB_ADMINLOCALIZATION_DELETE'),
(145, 'ROLE_MOD_TAB_ADMINLOGS_CREATE'),
(146, 'ROLE_MOD_TAB_ADMINLOGS_READ'),
(147, 'ROLE_MOD_TAB_ADMINLOGS_UPDATE'),
(148, 'ROLE_MOD_TAB_ADMINLOGS_DELETE'),
(149, 'ROLE_MOD_TAB_ADMINMAINTENANCE_CREATE'),
(150, 'ROLE_MOD_TAB_ADMINMAINTENANCE_READ'),
(151, 'ROLE_MOD_TAB_ADMINMAINTENANCE_UPDATE'),
(152, 'ROLE_MOD_TAB_ADMINMAINTENANCE_DELETE'),
(153, 'ROLE_MOD_TAB_ADMINMANUFACTURERS_CREATE'),
(154, 'ROLE_MOD_TAB_ADMINMANUFACTURERS_READ'),
(155, 'ROLE_MOD_TAB_ADMINMANUFACTURERS_UPDATE'),
(156, 'ROLE_MOD_TAB_ADMINMANUFACTURERS_DELETE'),
(157, 'ROLE_MOD_TAB_ADMINMETA_CREATE'),
(158, 'ROLE_MOD_TAB_ADMINMETA_READ'),
(159, 'ROLE_MOD_TAB_ADMINMETA_UPDATE'),
(160, 'ROLE_MOD_TAB_ADMINMETA_DELETE'),
(161, 'ROLE_MOD_TAB_ADMINMODULES_CREATE'),
(162, 'ROLE_MOD_TAB_ADMINMODULES_READ'),
(163, 'ROLE_MOD_TAB_ADMINMODULES_UPDATE'),
(164, 'ROLE_MOD_TAB_ADMINMODULES_DELETE'),
(165, 'ROLE_MOD_TAB_ADMINMODULESPOSITIONS_CREATE'),
(166, 'ROLE_MOD_TAB_ADMINMODULESPOSITIONS_READ'),
(167, 'ROLE_MOD_TAB_ADMINMODULESPOSITIONS_UPDATE'),
(168, 'ROLE_MOD_TAB_ADMINMODULESPOSITIONS_DELETE'),
(169, 'ROLE_MOD_TAB_ADMINMODULESSF_CREATE'),
(170, 'ROLE_MOD_TAB_ADMINMODULESSF_READ'),
(171, 'ROLE_MOD_TAB_ADMINMODULESSF_UPDATE'),
(172, 'ROLE_MOD_TAB_ADMINMODULESSF_DELETE'),
(173, 'ROLE_MOD_TAB_ADMINORDERMESSAGE_CREATE'),
(174, 'ROLE_MOD_TAB_ADMINORDERMESSAGE_READ'),
(175, 'ROLE_MOD_TAB_ADMINORDERMESSAGE_UPDATE'),
(176, 'ROLE_MOD_TAB_ADMINORDERMESSAGE_DELETE'),
(177, 'ROLE_MOD_TAB_ADMINORDERPREFERENCES_CREATE'),
(178, 'ROLE_MOD_TAB_ADMINORDERPREFERENCES_READ'),
(179, 'ROLE_MOD_TAB_ADMINORDERPREFERENCES_UPDATE'),
(180, 'ROLE_MOD_TAB_ADMINORDERPREFERENCES_DELETE'),
(181, 'ROLE_MOD_TAB_ADMINORDERS_CREATE'),
(182, 'ROLE_MOD_TAB_ADMINORDERS_READ'),
(183, 'ROLE_MOD_TAB_ADMINORDERS_UPDATE'),
(184, 'ROLE_MOD_TAB_ADMINORDERS_DELETE'),
(185, 'ROLE_MOD_TAB_ADMINOUTSTANDING_CREATE'),
(186, 'ROLE_MOD_TAB_ADMINOUTSTANDING_READ'),
(187, 'ROLE_MOD_TAB_ADMINOUTSTANDING_UPDATE'),
(188, 'ROLE_MOD_TAB_ADMINOUTSTANDING_DELETE'),
(189, 'ROLE_MOD_TAB_ADMINPARENTATTRIBUTESGROUPS_CREATE'),
(190, 'ROLE_MOD_TAB_ADMINPARENTATTRIBUTESGROUPS_READ'),
(191, 'ROLE_MOD_TAB_ADMINPARENTATTRIBUTESGROUPS_UPDATE'),
(192, 'ROLE_MOD_TAB_ADMINPARENTATTRIBUTESGROUPS_DELETE'),
(193, 'ROLE_MOD_TAB_ADMINPARENTCARTRULES_CREATE'),
(194, 'ROLE_MOD_TAB_ADMINPARENTCARTRULES_READ'),
(195, 'ROLE_MOD_TAB_ADMINPARENTCARTRULES_UPDATE'),
(196, 'ROLE_MOD_TAB_ADMINPARENTCARTRULES_DELETE'),
(197, 'ROLE_MOD_TAB_ADMINPARENTCOUNTRIES_CREATE'),
(198, 'ROLE_MOD_TAB_ADMINPARENTCOUNTRIES_READ'),
(199, 'ROLE_MOD_TAB_ADMINPARENTCOUNTRIES_UPDATE'),
(200, 'ROLE_MOD_TAB_ADMINPARENTCOUNTRIES_DELETE'),
(201, 'ROLE_MOD_TAB_ADMINPARENTCUSTOMER_CREATE'),
(202, 'ROLE_MOD_TAB_ADMINPARENTCUSTOMER_READ'),
(203, 'ROLE_MOD_TAB_ADMINPARENTCUSTOMER_UPDATE'),
(204, 'ROLE_MOD_TAB_ADMINPARENTCUSTOMER_DELETE'),
(205, 'ROLE_MOD_TAB_ADMINPARENTCUSTOMERPREFERENCES_CREATE'),
(206, 'ROLE_MOD_TAB_ADMINPARENTCUSTOMERPREFERENCES_READ'),
(207, 'ROLE_MOD_TAB_ADMINPARENTCUSTOMERPREFERENCES_UPDATE'),
(208, 'ROLE_MOD_TAB_ADMINPARENTCUSTOMERPREFERENCES_DELETE'),
(209, 'ROLE_MOD_TAB_ADMINPARENTCUSTOMERTHREADS_CREATE'),
(210, 'ROLE_MOD_TAB_ADMINPARENTCUSTOMERTHREADS_READ'),
(211, 'ROLE_MOD_TAB_ADMINPARENTCUSTOMERTHREADS_UPDATE'),
(212, 'ROLE_MOD_TAB_ADMINPARENTCUSTOMERTHREADS_DELETE'),
(213, 'ROLE_MOD_TAB_ADMINPARENTEMPLOYEES_CREATE'),
(214, 'ROLE_MOD_TAB_ADMINPARENTEMPLOYEES_READ'),
(215, 'ROLE_MOD_TAB_ADMINPARENTEMPLOYEES_UPDATE'),
(216, 'ROLE_MOD_TAB_ADMINPARENTEMPLOYEES_DELETE'),
(217, 'ROLE_MOD_TAB_ADMINPARENTLOCALIZATION_CREATE'),
(218, 'ROLE_MOD_TAB_ADMINPARENTLOCALIZATION_READ'),
(219, 'ROLE_MOD_TAB_ADMINPARENTLOCALIZATION_UPDATE'),
(220, 'ROLE_MOD_TAB_ADMINPARENTLOCALIZATION_DELETE'),
(221, 'ROLE_MOD_TAB_ADMINPARENTMANUFACTURERS_CREATE'),
(222, 'ROLE_MOD_TAB_ADMINPARENTMANUFACTURERS_READ'),
(223, 'ROLE_MOD_TAB_ADMINPARENTMANUFACTURERS_UPDATE'),
(224, 'ROLE_MOD_TAB_ADMINPARENTMANUFACTURERS_DELETE'),
(225, 'ROLE_MOD_TAB_ADMINPARENTMODULESSF_CREATE'),
(226, 'ROLE_MOD_TAB_ADMINPARENTMODULESSF_READ'),
(227, 'ROLE_MOD_TAB_ADMINPARENTMODULESSF_UPDATE'),
(228, 'ROLE_MOD_TAB_ADMINPARENTMODULESSF_DELETE'),
(229, 'ROLE_MOD_TAB_ADMINPARENTMETA_CREATE'),
(230, 'ROLE_MOD_TAB_ADMINPARENTMETA_READ'),
(231, 'ROLE_MOD_TAB_ADMINPARENTMETA_UPDATE'),
(232, 'ROLE_MOD_TAB_ADMINPARENTMETA_DELETE'),
(233, 'ROLE_MOD_TAB_ADMINPARENTMODULES_CREATE'),
(234, 'ROLE_MOD_TAB_ADMINPARENTMODULES_READ'),
(235, 'ROLE_MOD_TAB_ADMINPARENTMODULES_UPDATE'),
(236, 'ROLE_MOD_TAB_ADMINPARENTMODULES_DELETE'),
(237, 'ROLE_MOD_TAB_ADMINPARENTORDERPREFERENCES_CREATE'),
(238, 'ROLE_MOD_TAB_ADMINPARENTORDERPREFERENCES_READ'),
(239, 'ROLE_MOD_TAB_ADMINPARENTORDERPREFERENCES_UPDATE'),
(240, 'ROLE_MOD_TAB_ADMINPARENTORDERPREFERENCES_DELETE'),
(241, 'ROLE_MOD_TAB_ADMINPARENTORDERS_CREATE'),
(242, 'ROLE_MOD_TAB_ADMINPARENTORDERS_READ'),
(243, 'ROLE_MOD_TAB_ADMINPARENTORDERS_UPDATE'),
(244, 'ROLE_MOD_TAB_ADMINPARENTORDERS_DELETE'),
(245, 'ROLE_MOD_TAB_ADMINPARENTPAYMENT_CREATE'),
(246, 'ROLE_MOD_TAB_ADMINPARENTPAYMENT_READ'),
(247, 'ROLE_MOD_TAB_ADMINPARENTPAYMENT_UPDATE'),
(248, 'ROLE_MOD_TAB_ADMINPARENTPAYMENT_DELETE'),
(249, 'ROLE_MOD_TAB_ADMINPARENTPREFERENCES_CREATE'),
(250, 'ROLE_MOD_TAB_ADMINPARENTPREFERENCES_READ'),
(251, 'ROLE_MOD_TAB_ADMINPARENTPREFERENCES_UPDATE'),
(252, 'ROLE_MOD_TAB_ADMINPARENTPREFERENCES_DELETE'),
(253, 'ROLE_MOD_TAB_ADMINPARENTREQUESTSQL_CREATE'),
(254, 'ROLE_MOD_TAB_ADMINPARENTREQUESTSQL_READ'),
(255, 'ROLE_MOD_TAB_ADMINPARENTREQUESTSQL_UPDATE'),
(256, 'ROLE_MOD_TAB_ADMINPARENTREQUESTSQL_DELETE'),
(257, 'ROLE_MOD_TAB_ADMINPARENTSEARCHCONF_CREATE'),
(258, 'ROLE_MOD_TAB_ADMINPARENTSEARCHCONF_READ'),
(259, 'ROLE_MOD_TAB_ADMINPARENTSEARCHCONF_UPDATE'),
(260, 'ROLE_MOD_TAB_ADMINPARENTSEARCHCONF_DELETE'),
(261, 'ROLE_MOD_TAB_ADMINPARENTSHIPPING_CREATE'),
(262, 'ROLE_MOD_TAB_ADMINPARENTSHIPPING_READ'),
(263, 'ROLE_MOD_TAB_ADMINPARENTSHIPPING_UPDATE'),
(264, 'ROLE_MOD_TAB_ADMINPARENTSHIPPING_DELETE'),
(265, 'ROLE_MOD_TAB_ADMINPARENTSTOCKMANAGEMENT_CREATE'),
(266, 'ROLE_MOD_TAB_ADMINPARENTSTOCKMANAGEMENT_READ'),
(267, 'ROLE_MOD_TAB_ADMINPARENTSTOCKMANAGEMENT_UPDATE'),
(268, 'ROLE_MOD_TAB_ADMINPARENTSTOCKMANAGEMENT_DELETE'),
(269, 'ROLE_MOD_TAB_ADMINPARENTSTORES_CREATE'),
(270, 'ROLE_MOD_TAB_ADMINPARENTSTORES_READ'),
(271, 'ROLE_MOD_TAB_ADMINPARENTSTORES_UPDATE'),
(272, 'ROLE_MOD_TAB_ADMINPARENTSTORES_DELETE'),
(273, 'ROLE_MOD_TAB_ADMINPARENTTAXES_CREATE'),
(274, 'ROLE_MOD_TAB_ADMINPARENTTAXES_READ'),
(275, 'ROLE_MOD_TAB_ADMINPARENTTAXES_UPDATE'),
(276, 'ROLE_MOD_TAB_ADMINPARENTTAXES_DELETE'),
(277, 'ROLE_MOD_TAB_ADMINPARENTTHEMES_CREATE'),
(278, 'ROLE_MOD_TAB_ADMINPARENTTHEMES_READ'),
(279, 'ROLE_MOD_TAB_ADMINPARENTTHEMES_UPDATE'),
(280, 'ROLE_MOD_TAB_ADMINPARENTTHEMES_DELETE'),
(281, 'ROLE_MOD_TAB_ADMINPAYMENT_CREATE'),
(282, 'ROLE_MOD_TAB_ADMINPAYMENT_READ'),
(283, 'ROLE_MOD_TAB_ADMINPAYMENT_UPDATE'),
(284, 'ROLE_MOD_TAB_ADMINPAYMENT_DELETE'),
(285, 'ROLE_MOD_TAB_ADMINPAYMENTPREFERENCES_CREATE'),
(286, 'ROLE_MOD_TAB_ADMINPAYMENTPREFERENCES_READ'),
(287, 'ROLE_MOD_TAB_ADMINPAYMENTPREFERENCES_UPDATE'),
(288, 'ROLE_MOD_TAB_ADMINPAYMENTPREFERENCES_DELETE'),
(289, 'ROLE_MOD_TAB_ADMINPERFORMANCE_CREATE'),
(290, 'ROLE_MOD_TAB_ADMINPERFORMANCE_READ'),
(291, 'ROLE_MOD_TAB_ADMINPERFORMANCE_UPDATE'),
(292, 'ROLE_MOD_TAB_ADMINPERFORMANCE_DELETE'),
(293, 'ROLE_MOD_TAB_ADMINPPREFERENCES_CREATE'),
(294, 'ROLE_MOD_TAB_ADMINPPREFERENCES_READ'),
(295, 'ROLE_MOD_TAB_ADMINPPREFERENCES_UPDATE'),
(296, 'ROLE_MOD_TAB_ADMINPPREFERENCES_DELETE'),
(297, 'ROLE_MOD_TAB_ADMINPREFERENCES_CREATE'),
(298, 'ROLE_MOD_TAB_ADMINPREFERENCES_READ'),
(299, 'ROLE_MOD_TAB_ADMINPREFERENCES_UPDATE'),
(300, 'ROLE_MOD_TAB_ADMINPREFERENCES_DELETE'),
(301, 'ROLE_MOD_TAB_ADMINPRODUCTS_CREATE'),
(302, 'ROLE_MOD_TAB_ADMINPRODUCTS_READ'),
(303, 'ROLE_MOD_TAB_ADMINPRODUCTS_UPDATE'),
(304, 'ROLE_MOD_TAB_ADMINPRODUCTS_DELETE'),
(305, 'ROLE_MOD_TAB_ADMINPROFILES_CREATE'),
(306, 'ROLE_MOD_TAB_ADMINPROFILES_READ'),
(307, 'ROLE_MOD_TAB_ADMINPROFILES_UPDATE'),
(308, 'ROLE_MOD_TAB_ADMINPROFILES_DELETE'),
(309, 'ROLE_MOD_TAB_ADMINREFERRERS_CREATE'),
(310, 'ROLE_MOD_TAB_ADMINREFERRERS_READ'),
(311, 'ROLE_MOD_TAB_ADMINREFERRERS_UPDATE'),
(312, 'ROLE_MOD_TAB_ADMINREFERRERS_DELETE'),
(313, 'ROLE_MOD_TAB_ADMINREQUESTSQL_CREATE'),
(314, 'ROLE_MOD_TAB_ADMINREQUESTSQL_READ'),
(315, 'ROLE_MOD_TAB_ADMINREQUESTSQL_UPDATE'),
(316, 'ROLE_MOD_TAB_ADMINREQUESTSQL_DELETE'),
(317, 'ROLE_MOD_TAB_ADMINRETURN_CREATE'),
(318, 'ROLE_MOD_TAB_ADMINRETURN_READ'),
(319, 'ROLE_MOD_TAB_ADMINRETURN_UPDATE'),
(320, 'ROLE_MOD_TAB_ADMINRETURN_DELETE'),
(321, 'ROLE_MOD_TAB_ADMINSEARCHCONF_CREATE'),
(322, 'ROLE_MOD_TAB_ADMINSEARCHCONF_READ'),
(323, 'ROLE_MOD_TAB_ADMINSEARCHCONF_UPDATE'),
(324, 'ROLE_MOD_TAB_ADMINSEARCHCONF_DELETE'),
(325, 'ROLE_MOD_TAB_ADMINSEARCHENGINES_CREATE'),
(326, 'ROLE_MOD_TAB_ADMINSEARCHENGINES_READ'),
(327, 'ROLE_MOD_TAB_ADMINSEARCHENGINES_UPDATE'),
(328, 'ROLE_MOD_TAB_ADMINSEARCHENGINES_DELETE'),
(329, 'ROLE_MOD_TAB_ADMINSHIPPING_CREATE'),
(330, 'ROLE_MOD_TAB_ADMINSHIPPING_READ'),
(331, 'ROLE_MOD_TAB_ADMINSHIPPING_UPDATE'),
(332, 'ROLE_MOD_TAB_ADMINSHIPPING_DELETE'),
(333, 'ROLE_MOD_TAB_ADMINSHOPGROUP_CREATE'),
(334, 'ROLE_MOD_TAB_ADMINSHOPGROUP_READ'),
(335, 'ROLE_MOD_TAB_ADMINSHOPGROUP_UPDATE'),
(336, 'ROLE_MOD_TAB_ADMINSHOPGROUP_DELETE'),
(337, 'ROLE_MOD_TAB_ADMINSHOPURL_CREATE'),
(338, 'ROLE_MOD_TAB_ADMINSHOPURL_READ'),
(339, 'ROLE_MOD_TAB_ADMINSHOPURL_UPDATE'),
(340, 'ROLE_MOD_TAB_ADMINSHOPURL_DELETE'),
(341, 'ROLE_MOD_TAB_ADMINSLIP_CREATE'),
(342, 'ROLE_MOD_TAB_ADMINSLIP_READ'),
(343, 'ROLE_MOD_TAB_ADMINSLIP_UPDATE'),
(344, 'ROLE_MOD_TAB_ADMINSLIP_DELETE'),
(345, 'ROLE_MOD_TAB_ADMINSPECIFICPRICERULE_CREATE'),
(346, 'ROLE_MOD_TAB_ADMINSPECIFICPRICERULE_READ'),
(347, 'ROLE_MOD_TAB_ADMINSPECIFICPRICERULE_UPDATE'),
(348, 'ROLE_MOD_TAB_ADMINSPECIFICPRICERULE_DELETE'),
(349, 'ROLE_MOD_TAB_ADMINSTATES_CREATE'),
(350, 'ROLE_MOD_TAB_ADMINSTATES_READ'),
(351, 'ROLE_MOD_TAB_ADMINSTATES_UPDATE'),
(352, 'ROLE_MOD_TAB_ADMINSTATES_DELETE'),
(353, 'ROLE_MOD_TAB_ADMINSTATS_CREATE'),
(354, 'ROLE_MOD_TAB_ADMINSTATS_READ'),
(355, 'ROLE_MOD_TAB_ADMINSTATS_UPDATE'),
(356, 'ROLE_MOD_TAB_ADMINSTATS_DELETE'),
(357, 'ROLE_MOD_TAB_ADMINSTATUSES_CREATE'),
(358, 'ROLE_MOD_TAB_ADMINSTATUSES_READ'),
(359, 'ROLE_MOD_TAB_ADMINSTATUSES_UPDATE'),
(360, 'ROLE_MOD_TAB_ADMINSTATUSES_DELETE'),
(361, 'ROLE_MOD_TAB_ADMINSTOCK_CREATE'),
(362, 'ROLE_MOD_TAB_ADMINSTOCK_READ'),
(363, 'ROLE_MOD_TAB_ADMINSTOCK_UPDATE'),
(364, 'ROLE_MOD_TAB_ADMINSTOCK_DELETE'),
(365, 'ROLE_MOD_TAB_ADMINSTOCKCONFIGURATION_CREATE'),
(366, 'ROLE_MOD_TAB_ADMINSTOCKCONFIGURATION_READ'),
(367, 'ROLE_MOD_TAB_ADMINSTOCKCONFIGURATION_UPDATE'),
(368, 'ROLE_MOD_TAB_ADMINSTOCKCONFIGURATION_DELETE'),
(369, 'ROLE_MOD_TAB_ADMINSTOCKCOVER_CREATE'),
(370, 'ROLE_MOD_TAB_ADMINSTOCKCOVER_READ'),
(371, 'ROLE_MOD_TAB_ADMINSTOCKCOVER_UPDATE'),
(372, 'ROLE_MOD_TAB_ADMINSTOCKCOVER_DELETE'),
(373, 'ROLE_MOD_TAB_ADMINSTOCKINSTANTSTATE_CREATE'),
(374, 'ROLE_MOD_TAB_ADMINSTOCKINSTANTSTATE_READ'),
(375, 'ROLE_MOD_TAB_ADMINSTOCKINSTANTSTATE_UPDATE'),
(376, 'ROLE_MOD_TAB_ADMINSTOCKINSTANTSTATE_DELETE'),
(377, 'ROLE_MOD_TAB_ADMINSTOCKMANAGEMENT_CREATE'),
(378, 'ROLE_MOD_TAB_ADMINSTOCKMANAGEMENT_READ'),
(379, 'ROLE_MOD_TAB_ADMINSTOCKMANAGEMENT_UPDATE'),
(380, 'ROLE_MOD_TAB_ADMINSTOCKMANAGEMENT_DELETE'),
(381, 'ROLE_MOD_TAB_ADMINSTOCKMVT_CREATE'),
(382, 'ROLE_MOD_TAB_ADMINSTOCKMVT_READ'),
(383, 'ROLE_MOD_TAB_ADMINSTOCKMVT_UPDATE'),
(384, 'ROLE_MOD_TAB_ADMINSTOCKMVT_DELETE'),
(385, 'ROLE_MOD_TAB_ADMINSTORES_CREATE'),
(386, 'ROLE_MOD_TAB_ADMINSTORES_READ'),
(387, 'ROLE_MOD_TAB_ADMINSTORES_UPDATE'),
(388, 'ROLE_MOD_TAB_ADMINSTORES_DELETE'),
(389, 'ROLE_MOD_TAB_ADMINSUPPLIERS_CREATE'),
(390, 'ROLE_MOD_TAB_ADMINSUPPLIERS_READ'),
(391, 'ROLE_MOD_TAB_ADMINSUPPLIERS_UPDATE'),
(392, 'ROLE_MOD_TAB_ADMINSUPPLIERS_DELETE'),
(393, 'ROLE_MOD_TAB_ADMINSUPPLYORDERS_CREATE'),
(394, 'ROLE_MOD_TAB_ADMINSUPPLYORDERS_READ'),
(395, 'ROLE_MOD_TAB_ADMINSUPPLYORDERS_UPDATE'),
(396, 'ROLE_MOD_TAB_ADMINSUPPLYORDERS_DELETE'),
(397, 'ROLE_MOD_TAB_ADMINTAGS_CREATE'),
(398, 'ROLE_MOD_TAB_ADMINTAGS_READ'),
(399, 'ROLE_MOD_TAB_ADMINTAGS_UPDATE'),
(400, 'ROLE_MOD_TAB_ADMINTAGS_DELETE'),
(401, 'ROLE_MOD_TAB_ADMINTAXES_CREATE'),
(402, 'ROLE_MOD_TAB_ADMINTAXES_READ'),
(403, 'ROLE_MOD_TAB_ADMINTAXES_UPDATE'),
(404, 'ROLE_MOD_TAB_ADMINTAXES_DELETE'),
(405, 'ROLE_MOD_TAB_ADMINTAXRULESGROUP_CREATE'),
(406, 'ROLE_MOD_TAB_ADMINTAXRULESGROUP_READ'),
(407, 'ROLE_MOD_TAB_ADMINTAXRULESGROUP_UPDATE'),
(408, 'ROLE_MOD_TAB_ADMINTAXRULESGROUP_DELETE'),
(409, 'ROLE_MOD_TAB_ADMINTHEMES_CREATE'),
(410, 'ROLE_MOD_TAB_ADMINTHEMES_READ'),
(411, 'ROLE_MOD_TAB_ADMINTHEMES_UPDATE'),
(412, 'ROLE_MOD_TAB_ADMINTHEMES_DELETE'),
(413, 'ROLE_MOD_TAB_ADMINTHEMESCATALOG_CREATE'),
(414, 'ROLE_MOD_TAB_ADMINTHEMESCATALOG_READ'),
(415, 'ROLE_MOD_TAB_ADMINTHEMESCATALOG_UPDATE'),
(416, 'ROLE_MOD_TAB_ADMINTHEMESCATALOG_DELETE'),
(417, 'ROLE_MOD_TAB_ADMINTRACKING_CREATE'),
(418, 'ROLE_MOD_TAB_ADMINTRACKING_READ'),
(419, 'ROLE_MOD_TAB_ADMINTRACKING_UPDATE'),
(420, 'ROLE_MOD_TAB_ADMINTRACKING_DELETE'),
(421, 'ROLE_MOD_TAB_ADMINTRANSLATIONS_CREATE'),
(422, 'ROLE_MOD_TAB_ADMINTRANSLATIONS_READ'),
(423, 'ROLE_MOD_TAB_ADMINTRANSLATIONS_UPDATE'),
(424, 'ROLE_MOD_TAB_ADMINTRANSLATIONS_DELETE'),
(425, 'ROLE_MOD_TAB_ADMINWAREHOUSES_CREATE'),
(426, 'ROLE_MOD_TAB_ADMINWAREHOUSES_READ'),
(427, 'ROLE_MOD_TAB_ADMINWAREHOUSES_UPDATE'),
(428, 'ROLE_MOD_TAB_ADMINWAREHOUSES_DELETE'),
(429, 'ROLE_MOD_TAB_ADMINWEBSERVICE_CREATE'),
(430, 'ROLE_MOD_TAB_ADMINWEBSERVICE_READ'),
(431, 'ROLE_MOD_TAB_ADMINWEBSERVICE_UPDATE'),
(432, 'ROLE_MOD_TAB_ADMINWEBSERVICE_DELETE'),
(433, 'ROLE_MOD_TAB_ADMINZONES_CREATE'),
(434, 'ROLE_MOD_TAB_ADMINZONES_READ'),
(435, 'ROLE_MOD_TAB_ADMINZONES_UPDATE'),
(436, 'ROLE_MOD_TAB_ADMINZONES_DELETE'),
(437, 'ROLE_MOD_TAB_CONFIGURE_CREATE'),
(438, 'ROLE_MOD_TAB_CONFIGURE_READ'),
(439, 'ROLE_MOD_TAB_CONFIGURE_UPDATE'),
(440, 'ROLE_MOD_TAB_CONFIGURE_DELETE'),
(441, 'ROLE_MOD_TAB_IMPROVE_CREATE'),
(442, 'ROLE_MOD_TAB_IMPROVE_READ'),
(443, 'ROLE_MOD_TAB_IMPROVE_UPDATE'),
(444, 'ROLE_MOD_TAB_IMPROVE_DELETE'),
(445, 'ROLE_MOD_TAB_SELL_CREATE'),
(446, 'ROLE_MOD_TAB_SELL_READ'),
(447, 'ROLE_MOD_TAB_SELL_UPDATE'),
(448, 'ROLE_MOD_TAB_SELL_DELETE'),
(449, 'ROLE_MOD_TAB_SHOPPARAMETERS_CREATE'),
(450, 'ROLE_MOD_TAB_SHOPPARAMETERS_READ'),
(451, 'ROLE_MOD_TAB_SHOPPARAMETERS_UPDATE'),
(452, 'ROLE_MOD_TAB_SHOPPARAMETERS_DELETE'),
(453, 'ROLE_MOD_MODULE_CONTACTFORM_CREATE'),
(454, 'ROLE_MOD_MODULE_CONTACTFORM_READ'),
(455, 'ROLE_MOD_MODULE_CONTACTFORM_UPDATE'),
(456, 'ROLE_MOD_MODULE_CONTACTFORM_DELETE'),
(457, 'ROLE_MOD_MODULE_DASHACTIVITY_CREATE'),
(458, 'ROLE_MOD_MODULE_DASHACTIVITY_READ'),
(459, 'ROLE_MOD_MODULE_DASHACTIVITY_UPDATE'),
(460, 'ROLE_MOD_MODULE_DASHACTIVITY_DELETE'),
(461, 'ROLE_MOD_MODULE_DASHTRENDS_CREATE'),
(462, 'ROLE_MOD_MODULE_DASHTRENDS_READ'),
(463, 'ROLE_MOD_MODULE_DASHTRENDS_UPDATE'),
(464, 'ROLE_MOD_MODULE_DASHTRENDS_DELETE'),
(465, 'ROLE_MOD_TAB_ADMINDASHGOALS_CREATE'),
(466, 'ROLE_MOD_TAB_ADMINDASHGOALS_READ'),
(467, 'ROLE_MOD_TAB_ADMINDASHGOALS_UPDATE'),
(468, 'ROLE_MOD_TAB_ADMINDASHGOALS_DELETE'),
(469, 'ROLE_MOD_MODULE_DASHGOALS_CREATE'),
(470, 'ROLE_MOD_MODULE_DASHGOALS_READ'),
(471, 'ROLE_MOD_MODULE_DASHGOALS_UPDATE'),
(472, 'ROLE_MOD_MODULE_DASHGOALS_DELETE'),
(473, 'ROLE_MOD_MODULE_DASHPRODUCTS_CREATE'),
(474, 'ROLE_MOD_MODULE_DASHPRODUCTS_READ'),
(475, 'ROLE_MOD_MODULE_DASHPRODUCTS_UPDATE'),
(476, 'ROLE_MOD_MODULE_DASHPRODUCTS_DELETE'),
(477, 'ROLE_MOD_MODULE_GRAPHNVD3_CREATE'),
(478, 'ROLE_MOD_MODULE_GRAPHNVD3_READ'),
(479, 'ROLE_MOD_MODULE_GRAPHNVD3_UPDATE'),
(480, 'ROLE_MOD_MODULE_GRAPHNVD3_DELETE'),
(481, 'ROLE_MOD_MODULE_GRIDHTML_CREATE'),
(482, 'ROLE_MOD_MODULE_GRIDHTML_READ'),
(483, 'ROLE_MOD_MODULE_GRIDHTML_UPDATE'),
(484, 'ROLE_MOD_MODULE_GRIDHTML_DELETE'),
(485, 'ROLE_MOD_MODULE_PS_BANNER_CREATE'),
(486, 'ROLE_MOD_MODULE_PS_BANNER_READ'),
(487, 'ROLE_MOD_MODULE_PS_BANNER_UPDATE'),
(488, 'ROLE_MOD_MODULE_PS_BANNER_DELETE'),
(489, 'ROLE_MOD_MODULE_PS_CATEGORYTREE_CREATE'),
(490, 'ROLE_MOD_MODULE_PS_CATEGORYTREE_READ'),
(491, 'ROLE_MOD_MODULE_PS_CATEGORYTREE_UPDATE'),
(492, 'ROLE_MOD_MODULE_PS_CATEGORYTREE_DELETE'),
(497, 'ROLE_MOD_MODULE_PS_CONTACTINFO_CREATE'),
(498, 'ROLE_MOD_MODULE_PS_CONTACTINFO_READ'),
(499, 'ROLE_MOD_MODULE_PS_CONTACTINFO_UPDATE'),
(500, 'ROLE_MOD_MODULE_PS_CONTACTINFO_DELETE'),
(501, 'ROLE_MOD_MODULE_PS_CURRENCYSELECTOR_CREATE'),
(502, 'ROLE_MOD_MODULE_PS_CURRENCYSELECTOR_READ'),
(503, 'ROLE_MOD_MODULE_PS_CURRENCYSELECTOR_UPDATE'),
(504, 'ROLE_MOD_MODULE_PS_CURRENCYSELECTOR_DELETE'),
(509, 'ROLE_MOD_MODULE_PS_CUSTOMERSIGNIN_CREATE'),
(510, 'ROLE_MOD_MODULE_PS_CUSTOMERSIGNIN_READ'),
(511, 'ROLE_MOD_MODULE_PS_CUSTOMERSIGNIN_UPDATE'),
(512, 'ROLE_MOD_MODULE_PS_CUSTOMERSIGNIN_DELETE'),
(513, 'ROLE_MOD_MODULE_PS_CUSTOMTEXT_CREATE'),
(514, 'ROLE_MOD_MODULE_PS_CUSTOMTEXT_READ'),
(515, 'ROLE_MOD_MODULE_PS_CUSTOMTEXT_UPDATE'),
(516, 'ROLE_MOD_MODULE_PS_CUSTOMTEXT_DELETE'),
(517, 'ROLE_MOD_MODULE_PS_EMAILSUBSCRIPTION_CREATE'),
(518, 'ROLE_MOD_MODULE_PS_EMAILSUBSCRIPTION_READ'),
(519, 'ROLE_MOD_MODULE_PS_EMAILSUBSCRIPTION_UPDATE'),
(520, 'ROLE_MOD_MODULE_PS_EMAILSUBSCRIPTION_DELETE'),
(521, 'ROLE_MOD_MODULE_PS_FACETEDSEARCH_CREATE'),
(522, 'ROLE_MOD_MODULE_PS_FACETEDSEARCH_READ'),
(523, 'ROLE_MOD_MODULE_PS_FACETEDSEARCH_UPDATE'),
(524, 'ROLE_MOD_MODULE_PS_FACETEDSEARCH_DELETE'),
(525, 'ROLE_MOD_MODULE_PS_FEATUREDPRODUCTS_CREATE'),
(526, 'ROLE_MOD_MODULE_PS_FEATUREDPRODUCTS_READ'),
(527, 'ROLE_MOD_MODULE_PS_FEATUREDPRODUCTS_UPDATE'),
(528, 'ROLE_MOD_MODULE_PS_FEATUREDPRODUCTS_DELETE'),
(529, 'ROLE_MOD_MODULE_PS_IMAGESLIDER_CREATE'),
(530, 'ROLE_MOD_MODULE_PS_IMAGESLIDER_READ'),
(531, 'ROLE_MOD_MODULE_PS_IMAGESLIDER_UPDATE'),
(532, 'ROLE_MOD_MODULE_PS_IMAGESLIDER_DELETE'),
(533, 'ROLE_MOD_MODULE_PS_LANGUAGESELECTOR_CREATE'),
(534, 'ROLE_MOD_MODULE_PS_LANGUAGESELECTOR_READ'),
(535, 'ROLE_MOD_MODULE_PS_LANGUAGESELECTOR_UPDATE'),
(536, 'ROLE_MOD_MODULE_PS_LANGUAGESELECTOR_DELETE'),
(537, 'ROLE_MOD_MODULE_PS_LINKLIST_CREATE'),
(538, 'ROLE_MOD_MODULE_PS_LINKLIST_READ'),
(539, 'ROLE_MOD_MODULE_PS_LINKLIST_UPDATE'),
(540, 'ROLE_MOD_MODULE_PS_LINKLIST_DELETE'),
(545, 'ROLE_MOD_MODULE_PS_MAINMENU_CREATE'),
(546, 'ROLE_MOD_MODULE_PS_MAINMENU_READ'),
(547, 'ROLE_MOD_MODULE_PS_MAINMENU_UPDATE'),
(548, 'ROLE_MOD_MODULE_PS_MAINMENU_DELETE'),
(549, 'ROLE_MOD_MODULE_PS_SEARCHBAR_CREATE'),
(550, 'ROLE_MOD_MODULE_PS_SEARCHBAR_READ'),
(551, 'ROLE_MOD_MODULE_PS_SEARCHBAR_UPDATE'),
(552, 'ROLE_MOD_MODULE_PS_SEARCHBAR_DELETE'),
(553, 'ROLE_MOD_MODULE_PS_SHAREBUTTONS_CREATE'),
(554, 'ROLE_MOD_MODULE_PS_SHAREBUTTONS_READ'),
(555, 'ROLE_MOD_MODULE_PS_SHAREBUTTONS_UPDATE'),
(556, 'ROLE_MOD_MODULE_PS_SHAREBUTTONS_DELETE'),
(557, 'ROLE_MOD_MODULE_PS_SHOPPINGCART_CREATE'),
(558, 'ROLE_MOD_MODULE_PS_SHOPPINGCART_READ'),
(559, 'ROLE_MOD_MODULE_PS_SHOPPINGCART_UPDATE'),
(560, 'ROLE_MOD_MODULE_PS_SHOPPINGCART_DELETE'),
(561, 'ROLE_MOD_MODULE_PS_SOCIALFOLLOW_CREATE'),
(562, 'ROLE_MOD_MODULE_PS_SOCIALFOLLOW_READ'),
(563, 'ROLE_MOD_MODULE_PS_SOCIALFOLLOW_UPDATE'),
(564, 'ROLE_MOD_MODULE_PS_SOCIALFOLLOW_DELETE'),
(565, 'ROLE_MOD_MODULE_PS_THEMECUSTO_CREATE'),
(566, 'ROLE_MOD_MODULE_PS_THEMECUSTO_READ'),
(567, 'ROLE_MOD_MODULE_PS_THEMECUSTO_UPDATE'),
(568, 'ROLE_MOD_MODULE_PS_THEMECUSTO_DELETE'),
(569, 'ROLE_MOD_TAB_ADMINTHEMESPARENT_CREATE'),
(570, 'ROLE_MOD_TAB_ADMINTHEMESPARENT_READ'),
(571, 'ROLE_MOD_TAB_ADMINTHEMESPARENT_UPDATE'),
(572, 'ROLE_MOD_TAB_ADMINTHEMESPARENT_DELETE'),
(573, 'ROLE_MOD_TAB_ADMINPSTHEMECUSTOCONFIGURATION_CREATE'),
(574, 'ROLE_MOD_TAB_ADMINPSTHEMECUSTOCONFIGURATION_READ'),
(575, 'ROLE_MOD_TAB_ADMINPSTHEMECUSTOCONFIGURATION_UPDATE'),
(576, 'ROLE_MOD_TAB_ADMINPSTHEMECUSTOCONFIGURATION_DELETE'),
(577, 'ROLE_MOD_TAB_ADMINPSTHEMECUSTOADVANCED_CREATE'),
(578, 'ROLE_MOD_TAB_ADMINPSTHEMECUSTOADVANCED_READ'),
(579, 'ROLE_MOD_TAB_ADMINPSTHEMECUSTOADVANCED_UPDATE'),
(580, 'ROLE_MOD_TAB_ADMINPSTHEMECUSTOADVANCED_DELETE'),
(581, 'ROLE_MOD_MODULE_PS_WIREPAYMENT_CREATE'),
(582, 'ROLE_MOD_MODULE_PS_WIREPAYMENT_READ'),
(583, 'ROLE_MOD_MODULE_PS_WIREPAYMENT_UPDATE'),
(584, 'ROLE_MOD_MODULE_PS_WIREPAYMENT_DELETE'),
(597, 'ROLE_MOD_MODULE_STATSBESTCUSTOMERS_CREATE'),
(598, 'ROLE_MOD_MODULE_STATSBESTCUSTOMERS_READ'),
(599, 'ROLE_MOD_MODULE_STATSBESTCUSTOMERS_UPDATE'),
(600, 'ROLE_MOD_MODULE_STATSBESTCUSTOMERS_DELETE'),
(601, 'ROLE_MOD_MODULE_STATSBESTPRODUCTS_CREATE'),
(602, 'ROLE_MOD_MODULE_STATSBESTPRODUCTS_READ'),
(603, 'ROLE_MOD_MODULE_STATSBESTPRODUCTS_UPDATE'),
(604, 'ROLE_MOD_MODULE_STATSBESTPRODUCTS_DELETE'),
(625, 'ROLE_MOD_MODULE_STATSDATA_CREATE'),
(626, 'ROLE_MOD_MODULE_STATSDATA_READ'),
(627, 'ROLE_MOD_MODULE_STATSDATA_UPDATE'),
(628, 'ROLE_MOD_MODULE_STATSDATA_DELETE'),
(633, 'ROLE_MOD_MODULE_STATSFORECAST_CREATE'),
(634, 'ROLE_MOD_MODULE_STATSFORECAST_READ'),
(635, 'ROLE_MOD_MODULE_STATSFORECAST_UPDATE'),
(636, 'ROLE_MOD_MODULE_STATSFORECAST_DELETE'),
(637, 'ROLE_MOD_MODULE_STATSLIVE_CREATE'),
(638, 'ROLE_MOD_MODULE_STATSLIVE_READ'),
(639, 'ROLE_MOD_MODULE_STATSLIVE_UPDATE'),
(640, 'ROLE_MOD_MODULE_STATSLIVE_DELETE'),
(661, 'ROLE_MOD_MODULE_STATSSALES_CREATE'),
(662, 'ROLE_MOD_MODULE_STATSSALES_READ'),
(663, 'ROLE_MOD_MODULE_STATSSALES_UPDATE'),
(664, 'ROLE_MOD_MODULE_STATSSALES_DELETE'),
(673, 'ROLE_MOD_MODULE_STATSVISITS_CREATE'),
(674, 'ROLE_MOD_MODULE_STATSVISITS_READ'),
(675, 'ROLE_MOD_MODULE_STATSVISITS_UPDATE'),
(676, 'ROLE_MOD_MODULE_STATSVISITS_DELETE'),
(709, 'ROLE_MOD_MODULE_PS_BESTSELLERS_CREATE'),
(710, 'ROLE_MOD_MODULE_PS_BESTSELLERS_READ'),
(711, 'ROLE_MOD_MODULE_PS_BESTSELLERS_UPDATE'),
(712, 'ROLE_MOD_MODULE_PS_BESTSELLERS_DELETE'),
(713, 'ROLE_MOD_MODULE_PS_SPECIALS_CREATE'),
(714, 'ROLE_MOD_MODULE_PS_SPECIALS_READ'),
(715, 'ROLE_MOD_MODULE_PS_SPECIALS_UPDATE'),
(716, 'ROLE_MOD_MODULE_PS_SPECIALS_DELETE'),
(721, 'ROLE_MOD_MODULE_PS_REMINDER_CREATE'),
(722, 'ROLE_MOD_MODULE_PS_REMINDER_READ'),
(723, 'ROLE_MOD_MODULE_PS_REMINDER_UPDATE'),
(724, 'ROLE_MOD_MODULE_PS_REMINDER_DELETE'),
(725, 'ROLE_MOD_MODULE_PS_CROSSSELLING_CREATE'),
(726, 'ROLE_MOD_MODULE_PS_CROSSSELLING_READ'),
(727, 'ROLE_MOD_MODULE_PS_CROSSSELLING_UPDATE'),
(728, 'ROLE_MOD_MODULE_PS_CROSSSELLING_DELETE'),
(729, 'ROLE_MOD_MODULE_PS_NEWPRODUCTS_CREATE'),
(730, 'ROLE_MOD_MODULE_PS_NEWPRODUCTS_READ'),
(731, 'ROLE_MOD_MODULE_PS_NEWPRODUCTS_UPDATE'),
(732, 'ROLE_MOD_MODULE_PS_NEWPRODUCTS_DELETE'),
(757, 'ROLE_MOD_MODULE_PS_EMAILALERTS_CREATE'),
(758, 'ROLE_MOD_MODULE_PS_EMAILALERTS_READ'),
(759, 'ROLE_MOD_MODULE_PS_EMAILALERTS_UPDATE'),
(760, 'ROLE_MOD_MODULE_PS_EMAILALERTS_DELETE'),
(761, 'ROLE_MOD_MODULE_PS_GOOGLEANALYTICS_CREATE'),
(762, 'ROLE_MOD_MODULE_PS_GOOGLEANALYTICS_READ'),
(763, 'ROLE_MOD_MODULE_PS_GOOGLEANALYTICS_UPDATE'),
(764, 'ROLE_MOD_MODULE_PS_GOOGLEANALYTICS_DELETE'),
(769, 'ROLE_MOD_MODULE_PS_VIEWEDPRODUCT_CREATE'),
(770, 'ROLE_MOD_MODULE_PS_VIEWEDPRODUCT_READ'),
(771, 'ROLE_MOD_MODULE_PS_VIEWEDPRODUCT_UPDATE'),
(772, 'ROLE_MOD_MODULE_PS_VIEWEDPRODUCT_DELETE'),
(773, 'ROLE_MOD_MODULE_PS_BRANDLIST_CREATE'),
(774, 'ROLE_MOD_MODULE_PS_BRANDLIST_READ'),
(775, 'ROLE_MOD_MODULE_PS_BRANDLIST_UPDATE'),
(776, 'ROLE_MOD_MODULE_PS_BRANDLIST_DELETE'),
(777, 'ROLE_MOD_MODULE_PS_SUPPLIERLIST_CREATE'),
(778, 'ROLE_MOD_MODULE_PS_SUPPLIERLIST_READ'),
(779, 'ROLE_MOD_MODULE_PS_SUPPLIERLIST_UPDATE'),
(780, 'ROLE_MOD_MODULE_PS_SUPPLIERLIST_DELETE'),
(793, 'ROLE_MOD_MODULE_PSCLEANER_CREATE'),
(794, 'ROLE_MOD_MODULE_PSCLEANER_READ'),
(795, 'ROLE_MOD_MODULE_PSCLEANER_UPDATE'),
(796, 'ROLE_MOD_MODULE_PSCLEANER_DELETE'),
(797, 'ROLE_MOD_MODULE_PSPIXEL_CREATE'),
(798, 'ROLE_MOD_MODULE_PSPIXEL_READ'),
(799, 'ROLE_MOD_MODULE_PSPIXEL_UPDATE'),
(800, 'ROLE_MOD_MODULE_PSPIXEL_DELETE'),
(801, 'ROLE_MOD_MODULE_SIMPLICITY_LOGO_CREATE'),
(802, 'ROLE_MOD_MODULE_SIMPLICITY_LOGO_READ'),
(803, 'ROLE_MOD_MODULE_SIMPLICITY_LOGO_UPDATE'),
(804, 'ROLE_MOD_MODULE_SIMPLICITY_LOGO_DELETE'),
(805, 'ROLE_MOD_MODULE_PS_CUSTOMERACCOUNTLINKS_CREATE'),
(806, 'ROLE_MOD_MODULE_PS_CUSTOMERACCOUNTLINKS_READ'),
(807, 'ROLE_MOD_MODULE_PS_CUSTOMERACCOUNTLINKS_UPDATE'),
(808, 'ROLE_MOD_MODULE_PS_CUSTOMERACCOUNTLINKS_DELETE'),
(809, 'ROLE_MOD_MODULE_BLOCKREASSURANCE_CREATE'),
(810, 'ROLE_MOD_MODULE_BLOCKREASSURANCE_READ'),
(811, 'ROLE_MOD_MODULE_BLOCKREASSURANCE_UPDATE'),
(812, 'ROLE_MOD_MODULE_BLOCKREASSURANCE_DELETE'),
(813, 'ROLE_MOD_MODULE_SIMPLICITY_SOCIALLOGIN_CREATE'),
(814, 'ROLE_MOD_MODULE_SIMPLICITY_SOCIALLOGIN_READ'),
(815, 'ROLE_MOD_MODULE_SIMPLICITY_SOCIALLOGIN_UPDATE'),
(816, 'ROLE_MOD_MODULE_SIMPLICITY_SOCIALLOGIN_DELETE'),
(873, 'ROLE_MOD_MODULE_SIMPLICITY_CMSBLOCK_CREATE'),
(874, 'ROLE_MOD_MODULE_SIMPLICITY_CMSBLOCK_READ'),
(875, 'ROLE_MOD_MODULE_SIMPLICITY_CMSBLOCK_UPDATE'),
(876, 'ROLE_MOD_MODULE_SIMPLICITY_CMSBLOCK_DELETE'),
(877, 'ROLE_MOD_MODULE_SIMPLICITY_FBMESSAGING_CREATE'),
(878, 'ROLE_MOD_MODULE_SIMPLICITY_FBMESSAGING_READ'),
(879, 'ROLE_MOD_MODULE_SIMPLICITY_FBMESSAGING_UPDATE'),
(880, 'ROLE_MOD_MODULE_SIMPLICITY_FBMESSAGING_DELETE'),
(881, 'ROLE_MOD_TAB_ADMINSIMPLICITYFBMESSAGING_CREATE'),
(882, 'ROLE_MOD_TAB_ADMINSIMPLICITYFBMESSAGING_READ'),
(883, 'ROLE_MOD_TAB_ADMINSIMPLICITYFBMESSAGING_UPDATE'),
(884, 'ROLE_MOD_TAB_ADMINSIMPLICITYFBMESSAGING_DELETE'),
(885, 'ROLE_MOD_MODULE_SIMPLICITY_HEADERBAR_CREATE'),
(886, 'ROLE_MOD_MODULE_SIMPLICITY_HEADERBAR_DELETE'),
(887, 'ROLE_MOD_MODULE_SIMPLICITY_HEADERBAR_READ'),
(888, 'ROLE_MOD_MODULE_SIMPLICITY_HEADERBAR_UPDATE'),
(889, 'ROLE_MOD_MODULE_GSITEMAP_CREATE'),
(890, 'ROLE_MOD_MODULE_GSITEMAP_READ'),
(891, 'ROLE_MOD_MODULE_GSITEMAP_UPDATE'),
(892, 'ROLE_MOD_MODULE_GSITEMAP_DELETE'),
(893, 'ROLE_MOD_MODULE_PAYPAL_CREATE'),
(894, 'ROLE_MOD_MODULE_PAYPAL_READ'),
(895, 'ROLE_MOD_MODULE_PAYPAL_UPDATE'),
(896, 'ROLE_MOD_MODULE_PAYPAL_DELETE'),
(901, 'ROLE_MOD_MODULE_SIMPLICITY_GTM_CREATE'),
(902, 'ROLE_MOD_MODULE_SIMPLICITY_GTM_READ'),
(903, 'ROLE_MOD_MODULE_SIMPLICITY_GTM_UPDATE'),
(904, 'ROLE_MOD_MODULE_SIMPLICITY_GTM_DELETE'),
(905, 'ROLE_MOD_MODULE_SIMPLICITY_IGFEED_CREATE'),
(906, 'ROLE_MOD_MODULE_SIMPLICITY_IGFEED_READ'),
(907, 'ROLE_MOD_MODULE_SIMPLICITY_IGFEED_UPDATE'),
(908, 'ROLE_MOD_MODULE_SIMPLICITY_IGFEED_DELETE'),
(909, 'ROLE_MOD_MODULE_GSHOPPINGFLUX_CREATE'),
(910, 'ROLE_MOD_MODULE_GSHOPPINGFLUX_READ'),
(911, 'ROLE_MOD_MODULE_GSHOPPINGFLUX_UPDATE'),
(912, 'ROLE_MOD_MODULE_GSHOPPINGFLUX_DELETE'),
(913, 'ROLE_MOD_MODULE_PS_CATEGORYPRODUCTS_CREATE'),
(914, 'ROLE_MOD_MODULE_PS_CATEGORYPRODUCTS_READ'),
(915, 'ROLE_MOD_MODULE_PS_CATEGORYPRODUCTS_UPDATE'),
(916, 'ROLE_MOD_MODULE_PS_CATEGORYPRODUCTS_DELETE'),
(917, 'ROLE_MOD_MODULE_SIMPLICITY_FOOTERBAR_CREATE'),
(918, 'ROLE_MOD_MODULE_SIMPLICITY_FOOTERBAR_READ'),
(919, 'ROLE_MOD_MODULE_SIMPLICITY_FOOTERBAR_UPDATE'),
(920, 'ROLE_MOD_MODULE_SIMPLICITY_FOOTERBAR_DELETE'),
(921, 'ROLE_MOD_MODULE_ECPAY_CREATE'),
(922, 'ROLE_MOD_MODULE_ECPAY_READ'),
(923, 'ROLE_MOD_MODULE_ECPAY_UPDATE'),
(924, 'ROLE_MOD_MODULE_ECPAY_DELETE'),
(925, 'ROLE_MOD_TAB_ADMINMODULESMANAGE_CREATE'),
(926, 'ROLE_MOD_TAB_ADMINMODULESMANAGE_READ'),
(927, 'ROLE_MOD_TAB_ADMINMODULESMANAGE_UPDATE'),
(928, 'ROLE_MOD_TAB_ADMINMODULESMANAGE_DELETE'),
(929, 'ROLE_MOD_TAB_ADMINMODULESCATALOG_CREATE'),
(930, 'ROLE_MOD_TAB_ADMINMODULESCATALOG_READ'),
(931, 'ROLE_MOD_TAB_ADMINMODULESCATALOG_UPDATE'),
(932, 'ROLE_MOD_TAB_ADMINMODULESCATALOG_DELETE'),
(933, 'ROLE_MOD_TAB_ADMINPARENTMODULESCATALOG_CREATE'),
(934, 'ROLE_MOD_TAB_ADMINPARENTMODULESCATALOG_READ'),
(935, 'ROLE_MOD_TAB_ADMINPARENTMODULESCATALOG_UPDATE'),
(936, 'ROLE_MOD_TAB_ADMINPARENTMODULESCATALOG_DELETE'),
(937, 'ROLE_MOD_TAB_ADMINPARENTPAYPALCONFIGURATION_CREATE'),
(938, 'ROLE_MOD_TAB_ADMINPARENTPAYPALCONFIGURATION_READ'),
(939, 'ROLE_MOD_TAB_ADMINPARENTPAYPALCONFIGURATION_UPDATE'),
(940, 'ROLE_MOD_TAB_ADMINPARENTPAYPALCONFIGURATION_DELETE'),
(941, 'ROLE_MOD_TAB_ADMINPAYPALCONFIGURATION_CREATE'),
(942, 'ROLE_MOD_TAB_ADMINPAYPALCONFIGURATION_READ'),
(943, 'ROLE_MOD_TAB_ADMINPAYPALCONFIGURATION_UPDATE'),
(944, 'ROLE_MOD_TAB_ADMINPAYPALCONFIGURATION_DELETE'),
(945, 'ROLE_MOD_TAB_ADMINPAYPALSETUP_CREATE'),
(946, 'ROLE_MOD_TAB_ADMINPAYPALSETUP_READ'),
(947, 'ROLE_MOD_TAB_ADMINPAYPALSETUP_UPDATE'),
(948, 'ROLE_MOD_TAB_ADMINPAYPALSETUP_DELETE'),
(949, 'ROLE_MOD_TAB_ADMINPAYPALCUSTOMIZECHECKOUT_CREATE'),
(950, 'ROLE_MOD_TAB_ADMINPAYPALCUSTOMIZECHECKOUT_READ'),
(951, 'ROLE_MOD_TAB_ADMINPAYPALCUSTOMIZECHECKOUT_UPDATE'),
(952, 'ROLE_MOD_TAB_ADMINPAYPALCUSTOMIZECHECKOUT_DELETE'),
(953, 'ROLE_MOD_TAB_ADMINPAYPALHELP_CREATE'),
(954, 'ROLE_MOD_TAB_ADMINPAYPALHELP_READ'),
(955, 'ROLE_MOD_TAB_ADMINPAYPALHELP_UPDATE'),
(956, 'ROLE_MOD_TAB_ADMINPAYPALHELP_DELETE'),
(957, 'ROLE_MOD_TAB_ADMINPAYPALLOGS_CREATE'),
(958, 'ROLE_MOD_TAB_ADMINPAYPALLOGS_READ'),
(959, 'ROLE_MOD_TAB_ADMINPAYPALLOGS_UPDATE'),
(960, 'ROLE_MOD_TAB_ADMINPAYPALLOGS_DELETE'),
(961, 'ROLE_MOD_TAB_ADMINPAYPALPROCESSLOGGER_CREATE'),
(962, 'ROLE_MOD_TAB_ADMINPAYPALPROCESSLOGGER_READ'),
(963, 'ROLE_MOD_TAB_ADMINPAYPALPROCESSLOGGER_UPDATE'),
(964, 'ROLE_MOD_TAB_ADMINPAYPALPROCESSLOGGER_DELETE'),
(965, 'ROLE_MOD_TAB_ADMINPARENTMAILTHEME_CREATE'),
(966, 'ROLE_MOD_TAB_ADMINPARENTMAILTHEME_READ'),
(967, 'ROLE_MOD_TAB_ADMINPARENTMAILTHEME_UPDATE'),
(968, 'ROLE_MOD_TAB_ADMINPARENTMAILTHEME_DELETE'),
(969, 'ROLE_MOD_TAB_ADMINMAILTHEME_CREATE'),
(970, 'ROLE_MOD_TAB_ADMINMAILTHEME_READ'),
(971, 'ROLE_MOD_TAB_ADMINMAILTHEME_UPDATE'),
(972, 'ROLE_MOD_TAB_ADMINMAILTHEME_DELETE'),
(973, 'ROLE_MOD_MODULE_EZSHIP_CREATE'),
(974, 'ROLE_MOD_MODULE_EZSHIP_READ'),
(975, 'ROLE_MOD_MODULE_EZSHIP_UPDATE'),
(976, 'ROLE_MOD_MODULE_EZSHIP_DELETE'),
(977, 'ROLE_MOD_MODULE_EZSHIP_HOME_CREATE'),
(978, 'ROLE_MOD_MODULE_EZSHIP_HOME_READ'),
(979, 'ROLE_MOD_MODULE_EZSHIP_HOME_UPDATE'),
(980, 'ROLE_MOD_MODULE_EZSHIP_HOME_DELETE'),
(981, 'ROLE_MOD_MODULE_TC_POD_CREATE'),
(982, 'ROLE_MOD_MODULE_TC_POD_READ'),
(983, 'ROLE_MOD_MODULE_TC_POD_UPDATE'),
(984, 'ROLE_MOD_MODULE_TC_POD_DELETE'),
(985, 'ROLE_MOD_MODULE_ECPAY_711_CREATE'),
(986, 'ROLE_MOD_MODULE_ECPAY_711_READ'),
(987, 'ROLE_MOD_MODULE_ECPAY_711_UPDATE'),
(988, 'ROLE_MOD_MODULE_ECPAY_711_DELETE'),
(989, 'ROLE_MOD_MODULE_ECPAY_TCAT_CREATE'),
(990, 'ROLE_MOD_MODULE_ECPAY_TCAT_READ'),
(991, 'ROLE_MOD_MODULE_ECPAY_TCAT_UPDATE'),
(992, 'ROLE_MOD_MODULE_ECPAY_TCAT_DELETE'),
(993, 'ROLE_MOD_MODULE_TC_711_CREATE'),
(994, 'ROLE_MOD_MODULE_TC_711_READ'),
(995, 'ROLE_MOD_MODULE_TC_711_UPDATE'),
(996, 'ROLE_MOD_MODULE_TC_711_DELETE'),
(997, 'ROLE_MOD_MODULE_TC_HOME_CREATE'),
(998, 'ROLE_MOD_MODULE_TC_HOME_READ'),
(999, 'ROLE_MOD_MODULE_TC_HOME_UPDATE'),
(1000, 'ROLE_MOD_MODULE_TC_HOME_DELETE'),
(1001, 'ROLE_MOD_MODULE_TC_HOME2_CREATE'),
(1002, 'ROLE_MOD_MODULE_TC_HOME2_READ'),
(1003, 'ROLE_MOD_MODULE_TC_HOME2_UPDATE'),
(1004, 'ROLE_MOD_MODULE_TC_HOME2_DELETE'),
(1005, 'ROLE_MOD_MODULE_TC_HOME3_CREATE'),
(1006, 'ROLE_MOD_MODULE_TC_HOME3_READ'),
(1007, 'ROLE_MOD_MODULE_TC_HOME3_UPDATE'),
(1008, 'ROLE_MOD_MODULE_TC_HOME3_DELETE'),
(1009, 'ROLE_MOD_MODULE_PS_FAVICONNOTIFICATIONBO_CREATE'),
(1010, 'ROLE_MOD_MODULE_PS_FAVICONNOTIFICATIONBO_READ'),
(1011, 'ROLE_MOD_MODULE_PS_FAVICONNOTIFICATIONBO_UPDATE'),
(1012, 'ROLE_MOD_MODULE_PS_FAVICONNOTIFICATIONBO_DELETE'),
(1013, 'ROLE_MOD_TAB_ADMINAJAXFAVICONBO_CREATE'),
(1014, 'ROLE_MOD_TAB_ADMINAJAXFAVICONBO_READ'),
(1015, 'ROLE_MOD_TAB_ADMINAJAXFAVICONBO_UPDATE'),
(1016, 'ROLE_MOD_TAB_ADMINAJAXFAVICONBO_DELETE'),
(1017, 'ROLE_MOD_MODULE_LOYALTY_CREATE'),
(1018, 'ROLE_MOD_MODULE_LOYALTY_READ'),
(1019, 'ROLE_MOD_MODULE_LOYALTY_UPDATE'),
(1020, 'ROLE_MOD_MODULE_LOYALTY_DELETE'),
(1021, 'ROLE_MOD_TAB_ADMINSIMPLICITYLOGO_CREATE'),
(1022, 'ROLE_MOD_TAB_ADMINSIMPLICITYLOGO_DELETE'),
(1023, 'ROLE_MOD_TAB_ADMINSIMPLICITYLOGO_READ'),
(1024, 'ROLE_MOD_TAB_ADMINSIMPLICITYLOGO_UPDATE'),
(1025, 'ROLE_MOD_TAB_ADMINSIMPLICITYTABPS_CREATE'),
(1026, 'ROLE_MOD_TAB_ADMINSIMPLICITYTABPS_DELETE'),
(1027, 'ROLE_MOD_TAB_ADMINSIMPLICITYTABPS_READ'),
(1028, 'ROLE_MOD_TAB_ADMINSIMPLICITYTABPS_UPDATE'),
(1029, 'ROLE_MOD_TAB_ADMINSIMPLICITYTABMARTECH_CREATE'),
(1030, 'ROLE_MOD_TAB_ADMINSIMPLICITYTABMARTECH_DELETE'),
(1031, 'ROLE_MOD_TAB_ADMINSIMPLICITYTABMARTECH_READ'),
(1032, 'ROLE_MOD_TAB_ADMINSIMPLICITYTABMARTECH_UPDATE'),
(1033, 'ROLE_MOD_TAB_ADMINSIMPLICITYTABDISCOUNT_CREATE'),
(1034, 'ROLE_MOD_TAB_ADMINSIMPLICITYTABDISCOUNT_DELETE'),
(1035, 'ROLE_MOD_TAB_ADMINSIMPLICITYTABDISCOUNT_READ'),
(1036, 'ROLE_MOD_TAB_ADMINSIMPLICITYTABDISCOUNT_UPDATE'),
(1037, 'ROLE_MOD_TAB_ADMINPSEMAILSUBSCRIPTION_CREATE'),
(1038, 'ROLE_MOD_TAB_ADMINPSEMAILSUBSCRIPTION_DELETE'),
(1039, 'ROLE_MOD_TAB_ADMINPSEMAILSUBSCRIPTION_READ'),
(1040, 'ROLE_MOD_TAB_ADMINPSEMAILSUBSCRIPTION_UPDATE'),
(1041, 'ROLE_MOD_MODULE_SIMPLICITY_TAB_CREATE'),
(1042, 'ROLE_MOD_MODULE_SIMPLICITY_TAB_READ'),
(1043, 'ROLE_MOD_MODULE_SIMPLICITY_TAB_UPDATE'),
(1044, 'ROLE_MOD_MODULE_SIMPLICITY_TAB_DELETE'),
(1045, 'ROLE_MOD_MODULE_SIMPLICITY_CUSTOM_CREATE'),
(1046, 'ROLE_MOD_MODULE_SIMPLICITY_CUSTOM_READ'),
(1047, 'ROLE_MOD_MODULE_SIMPLICITY_CUSTOM_UPDATE'),
(1048, 'ROLE_MOD_MODULE_SIMPLICITY_CUSTOM_DELETE'),
(1049, 'ROLE_MOD_TAB_ADMINSIMPLICITYCUSTOM_CREATE'),
(1050, 'ROLE_MOD_TAB_ADMINSIMPLICITYCUSTOM_DELETE'),
(1051, 'ROLE_MOD_TAB_ADMINSIMPLICITYCUSTOM_READ'),
(1052, 'ROLE_MOD_TAB_ADMINSIMPLICITYCUSTOM_UPDATE'),
(1053, 'ROLE_MOD_TAB_ADMINSIMPLICITYTABCONTENT_CREATE'),
(1054, 'ROLE_MOD_TAB_ADMINSIMPLICITYTABCONTENT_DELETE'),
(1055, 'ROLE_MOD_TAB_ADMINSIMPLICITYTABCONTENT_READ'),
(1056, 'ROLE_MOD_TAB_ADMINSIMPLICITYTABCONTENT_UPDATE'),
(1057, 'ROLE_MOD_MODULE_STATSSEARCH_CREATE'),
(1058, 'ROLE_MOD_MODULE_STATSSEARCH_READ'),
(1059, 'ROLE_MOD_MODULE_STATSSEARCH_UPDATE'),
(1060, 'ROLE_MOD_MODULE_STATSSEARCH_DELETE'),
(1061, 'ROLE_MOD_MODULE_GAPI_CREATE'),
(1062, 'ROLE_MOD_MODULE_GAPI_READ'),
(1063, 'ROLE_MOD_MODULE_GAPI_UPDATE'),
(1064, 'ROLE_MOD_MODULE_GAPI_DELETE'),
(1065, 'ROLE_MOD_MODULE_SIMPLICITY_FEED_CREATE'),
(1066, 'ROLE_MOD_MODULE_SIMPLICITY_FEED_READ'),
(1067, 'ROLE_MOD_MODULE_SIMPLICITY_FEED_UPDATE'),
(1068, 'ROLE_MOD_MODULE_SIMPLICITY_FEED_DELETE'),
(1069, 'ROLE_MOD_TAB_ADMINSIMPLICITYBLOG_CREATE'),
(1070, 'ROLE_MOD_TAB_ADMINSIMPLICITYBLOG_READ'),
(1071, 'ROLE_MOD_TAB_ADMINSIMPLICITYBLOG_UPDATE'),
(1072, 'ROLE_MOD_TAB_ADMINSIMPLICITYBLOG_DELETE'),
(1073, 'ROLE_MOD_MODULE_SIMPLICITY_BLOG_CREATE'),
(1074, 'ROLE_MOD_MODULE_SIMPLICITY_BLOG_READ'),
(1075, 'ROLE_MOD_MODULE_SIMPLICITY_BLOG_UPDATE'),
(1076, 'ROLE_MOD_MODULE_SIMPLICITY_BLOG_DELETE'),
(1077, 'ROLE_MOD_TAB_ADMINSIMPLICITYFEED_CREATE'),
(1078, 'ROLE_MOD_TAB_ADMINSIMPLICITYFEED_DELETE'),
(1079, 'ROLE_MOD_TAB_ADMINSIMPLICITYFEED_READ'),
(1080, 'ROLE_MOD_TAB_ADMINSIMPLICITYFEED_UPDATE');

TRUNCATE TABLE `ps_access`;
INSERT INTO `ps_access` (`id_profile`, `id_authorization_role`) VALUES
(1, 1),
(1, 2),
(1, 3),
(1, 4),
(1, 5),
(1, 6),
(1, 7),
(1, 8),
(1, 9),
(1, 10),
(1, 11),
(1, 12),
(1, 13),
(1, 14),
(1, 15),
(1, 16),
(1, 17),
(1, 18),
(1, 19),
(1, 20),
(1, 21),
(1, 22),
(1, 23),
(1, 24),
(1, 25),
(1, 26),
(1, 27),
(1, 28),
(1, 29),
(1, 30),
(1, 31),
(1, 32),
(1, 33),
(1, 34),
(1, 35),
(1, 36),
(1, 37),
(1, 38),
(1, 39),
(1, 40),
(1, 41),
(1, 42),
(1, 43),
(1, 44),
(1, 45),
(1, 46),
(1, 47),
(1, 48),
(1, 49),
(1, 50),
(1, 51),
(1, 52),
(1, 53),
(1, 54),
(1, 55),
(1, 56),
(1, 57),
(1, 58),
(1, 59),
(1, 60),
(1, 61),
(1, 62),
(1, 63),
(1, 64),
(1, 65),
(1, 66),
(1, 67),
(1, 68),
(1, 69),
(1, 70),
(1, 71),
(1, 72),
(1, 73),
(1, 74),
(1, 75),
(1, 76),
(1, 77),
(1, 78),
(1, 79),
(1, 80),
(1, 81),
(1, 82),
(1, 83),
(1, 84),
(1, 85),
(1, 86),
(1, 87),
(1, 88),
(1, 89),
(1, 90),
(1, 91),
(1, 92),
(1, 93),
(1, 94),
(1, 95),
(1, 96),
(1, 97),
(1, 98),
(1, 99),
(1, 100),
(1, 101),
(1, 102),
(1, 103),
(1, 104),
(1, 105),
(1, 106),
(1, 107),
(1, 108),
(1, 109),
(1, 110),
(1, 111),
(1, 112),
(1, 113),
(1, 114),
(1, 115),
(1, 116),
(1, 117),
(1, 118),
(1, 119),
(1, 120),
(1, 121),
(1, 122),
(1, 123),
(1, 124),
(1, 125),
(1, 126),
(1, 127),
(1, 128),
(1, 129),
(1, 130),
(1, 131),
(1, 132),
(1, 133),
(1, 134),
(1, 135),
(1, 136),
(1, 137),
(1, 138),
(1, 139),
(1, 140),
(1, 141),
(1, 142),
(1, 143),
(1, 144),
(1, 145),
(1, 146),
(1, 147),
(1, 148),
(1, 149),
(1, 150),
(1, 151),
(1, 152),
(1, 153),
(1, 154),
(1, 155),
(1, 156),
(1, 157),
(1, 158),
(1, 159),
(1, 160),
(1, 161),
(1, 162),
(1, 163),
(1, 164),
(1, 165),
(1, 166),
(1, 167),
(1, 168),
(1, 169),
(1, 170),
(1, 171),
(1, 172),
(1, 173),
(1, 174),
(1, 175),
(1, 176),
(1, 177),
(1, 178),
(1, 179),
(1, 180),
(1, 181),
(1, 182),
(1, 183),
(1, 184),
(1, 185),
(1, 186),
(1, 187),
(1, 188),
(1, 189),
(1, 190),
(1, 191),
(1, 192),
(1, 193),
(1, 194),
(1, 195),
(1, 196),
(1, 197),
(1, 198),
(1, 199),
(1, 200),
(1, 201),
(1, 202),
(1, 203),
(1, 204),
(1, 205),
(1, 206),
(1, 207),
(1, 208),
(1, 209),
(1, 210),
(1, 211),
(1, 212),
(1, 213),
(1, 214),
(1, 215),
(1, 216),
(1, 217),
(1, 218),
(1, 219),
(1, 220),
(1, 221),
(1, 222),
(1, 223),
(1, 224),
(1, 225),
(1, 226),
(1, 227),
(1, 228),
(1, 229),
(1, 230),
(1, 231),
(1, 232),
(1, 233),
(1, 234),
(1, 235),
(1, 236),
(1, 237),
(1, 238),
(1, 239),
(1, 240),
(1, 241),
(1, 242),
(1, 243),
(1, 244),
(1, 245),
(1, 246),
(1, 247),
(1, 248),
(1, 249),
(1, 250),
(1, 251),
(1, 252),
(1, 253),
(1, 254),
(1, 255),
(1, 256),
(1, 257),
(1, 258),
(1, 259),
(1, 260),
(1, 261),
(1, 262),
(1, 263),
(1, 264),
(1, 265),
(1, 266),
(1, 267),
(1, 268),
(1, 269),
(1, 270),
(1, 271),
(1, 272),
(1, 273),
(1, 274),
(1, 275),
(1, 276),
(1, 277),
(1, 278),
(1, 279),
(1, 280),
(1, 281),
(1, 282),
(1, 283),
(1, 284),
(1, 285),
(1, 286),
(1, 287),
(1, 288),
(1, 289),
(1, 290),
(1, 291),
(1, 292),
(1, 293),
(1, 294),
(1, 295),
(1, 296),
(1, 297),
(1, 298),
(1, 299),
(1, 300),
(1, 301),
(1, 302),
(1, 303),
(1, 304),
(1, 305),
(1, 306),
(1, 307),
(1, 308),
(1, 309),
(1, 310),
(1, 311),
(1, 312),
(1, 313),
(1, 314),
(1, 315),
(1, 316),
(1, 317),
(1, 318),
(1, 319),
(1, 320),
(1, 321),
(1, 322),
(1, 323),
(1, 324),
(1, 325),
(1, 326),
(1, 327),
(1, 328),
(1, 329),
(1, 330),
(1, 331),
(1, 332),
(1, 333),
(1, 334),
(1, 335),
(1, 336),
(1, 337),
(1, 338),
(1, 339),
(1, 340),
(1, 341),
(1, 342),
(1, 343),
(1, 344),
(1, 345),
(1, 346),
(1, 347),
(1, 348),
(1, 349),
(1, 350),
(1, 351),
(1, 352),
(1, 353),
(1, 354),
(1, 355),
(1, 356),
(1, 357),
(1, 358),
(1, 359),
(1, 360),
(1, 361),
(1, 362),
(1, 363),
(1, 364),
(1, 365),
(1, 366),
(1, 367),
(1, 368),
(1, 369),
(1, 370),
(1, 371),
(1, 372),
(1, 373),
(1, 374),
(1, 375),
(1, 376),
(1, 377),
(1, 378),
(1, 379),
(1, 380),
(1, 381),
(1, 382),
(1, 383),
(1, 384),
(1, 385),
(1, 386),
(1, 387),
(1, 388),
(1, 389),
(1, 390),
(1, 391),
(1, 392),
(1, 393),
(1, 394),
(1, 395),
(1, 396),
(1, 397),
(1, 398),
(1, 399),
(1, 400),
(1, 401),
(1, 402),
(1, 403),
(1, 404),
(1, 405),
(1, 406),
(1, 407),
(1, 408),
(1, 409),
(1, 410),
(1, 411),
(1, 412),
(1, 413),
(1, 414),
(1, 415),
(1, 416),
(1, 417),
(1, 418),
(1, 419),
(1, 420),
(1, 421),
(1, 422),
(1, 423),
(1, 424),
(1, 425),
(1, 426),
(1, 427),
(1, 428),
(1, 429),
(1, 430),
(1, 431),
(1, 432),
(1, 433),
(1, 434),
(1, 435),
(1, 436),
(1, 437),
(1, 438),
(1, 439),
(1, 440),
(1, 441),
(1, 442),
(1, 443),
(1, 444),
(1, 445),
(1, 446),
(1, 447),
(1, 448),
(1, 449),
(1, 450),
(1, 451),
(1, 452),
(1, 465),
(1, 466),
(1, 467),
(1, 468),
(1, 569),
(1, 570),
(1, 571),
(1, 572),
(1, 573),
(1, 574),
(1, 575),
(1, 576),
(1, 577),
(1, 578),
(1, 579),
(1, 580),
(1, 881),
(1, 882),
(1, 883),
(1, 884),
(1, 925),
(1, 926),
(1, 927),
(1, 928),
(1, 929),
(1, 930),
(1, 931),
(1, 932),
(1, 933),
(1, 934),
(1, 935),
(1, 936),
(1, 937),
(1, 938),
(1, 939),
(1, 940),
(1, 941),
(1, 942),
(1, 943),
(1, 944),
(1, 945),
(1, 946),
(1, 947),
(1, 948),
(1, 949),
(1, 950),
(1, 951),
(1, 952),
(1, 953),
(1, 954),
(1, 955),
(1, 956),
(1, 957),
(1, 958),
(1, 959),
(1, 960),
(1, 961),
(1, 962),
(1, 963),
(1, 964),
(1, 965),
(1, 966),
(1, 967),
(1, 968),
(1, 969),
(1, 970),
(1, 971),
(1, 972),
(1, 1013),
(1, 1014),
(1, 1015),
(1, 1016),
(1, 1021),
(1, 1022),
(1, 1023),
(1, 1024),
(1, 1025),
(1, 1026),
(1, 1027),
(1, 1028),
(1, 1029),
(1, 1030),
(1, 1031),
(1, 1032),
(1, 1033),
(1, 1034),
(1, 1035),
(1, 1036),
(1, 1037),
(1, 1038),
(1, 1039),
(1, 1040),
(1, 1045),
(1, 1046),
(1, 1047),
(1, 1048),
(1, 1049),
(1, 1050),
(1, 1051),
(1, 1052),
(1, 1053),
(1, 1054),
(1, 1055),
(1, 1056),
(1, 1057),
(1, 1058),
(1, 1059),
(1, 1060),
(1, 1061),
(1, 1062),
(1, 1063),
(1, 1064),
(1, 1069),
(1, 1070),
(1, 1071),
(1, 1072),
(1, 1077),
(1, 1078),
(1, 1079),
(1, 1080),
(2, 21),
(2, 22),
(2, 23),
(2, 24),
(2, 25),
(2, 26),
(2, 27),
(2, 28),
(2, 37),
(2, 38),
(2, 39),
(2, 40),
(2, 45),
(2, 46),
(2, 47),
(2, 48),
(2, 49),
(2, 50),
(2, 51),
(2, 52),
(2, 97),
(2, 98),
(2, 99),
(2, 100),
(2, 153),
(2, 154),
(2, 155),
(2, 156),
(2, 189),
(2, 190),
(2, 191),
(2, 192),
(2, 193),
(2, 194),
(2, 195),
(2, 196),
(2, 221),
(2, 222),
(2, 223),
(2, 224),
(2, 234),
(2, 235),
(2, 265),
(2, 266),
(2, 267),
(2, 268),
(2, 301),
(2, 302),
(2, 303),
(2, 304),
(2, 345),
(2, 346),
(2, 347),
(2, 348),
(2, 361),
(2, 362),
(2, 363),
(2, 364),
(2, 365),
(2, 366),
(2, 367),
(2, 368),
(2, 377),
(2, 378),
(2, 379),
(2, 380),
(2, 381),
(2, 382),
(2, 383),
(2, 384),
(2, 389),
(2, 390),
(2, 391),
(2, 392),
(2, 393),
(2, 394),
(2, 395),
(2, 396),
(2, 417),
(2, 418),
(2, 419),
(2, 420),
(2, 425),
(2, 426),
(2, 427),
(2, 428),
(2, 445),
(2, 446),
(2, 447),
(2, 448),
(3, 9),
(3, 10),
(3, 11),
(3, 12),
(3, 22),
(3, 26),
(3, 38),
(3, 41),
(3, 42),
(3, 43),
(3, 44),
(3, 46),
(3, 50),
(3, 73),
(3, 74),
(3, 75),
(3, 76),
(3, 77),
(3, 78),
(3, 79),
(3, 80),
(3, 98),
(3, 101),
(3, 102),
(3, 103),
(3, 104),
(3, 109),
(3, 110),
(3, 111),
(3, 112),
(3, 154),
(3, 173),
(3, 174),
(3, 175),
(3, 176),
(3, 181),
(3, 182),
(3, 183),
(3, 184),
(3, 190),
(3, 194),
(3, 201),
(3, 202),
(3, 203),
(3, 204),
(3, 209),
(3, 210),
(3, 211),
(3, 212),
(3, 222),
(3, 241),
(3, 242),
(3, 243),
(3, 244),
(3, 302),
(3, 317),
(3, 318),
(3, 319),
(3, 320),
(3, 346),
(3, 361),
(3, 362),
(3, 363),
(3, 364),
(3, 378),
(3, 390),
(3, 418),
(3, 445),
(3, 446),
(3, 447),
(3, 448),
(4, 53),
(4, 54),
(4, 55),
(4, 56),
(4, 137),
(4, 138),
(4, 139),
(4, 140),
(4, 157),
(4, 158),
(4, 159),
(4, 160),
(4, 165),
(4, 166),
(4, 167),
(4, 168),
(4, 225),
(4, 226),
(4, 227),
(4, 228),
(4, 234),
(4, 235),
(4, 277),
(4, 278),
(4, 279),
(4, 280),
(4, 321),
(4, 322),
(4, 323),
(4, 324),
(4, 393),
(4, 394),
(4, 395),
(4, 396),
(4, 409),
(4, 410),
(4, 411),
(4, 412),
(4, 441),
(4, 442),
(4, 443),
(4, 444),
(4, 569),
(4, 570),
(4, 571),
(4, 572),
(4, 573),
(4, 574),
(4, 575),
(4, 576),
(4, 577),
(4, 578),
(4, 579),
(4, 580);








TRUNCATE TABLE `ps_tab`;
INSERT INTO `ps_tab` (`id_tab`, `id_parent`, `position`, `module`, `class_name`, `active`, `hide_host_mode`, `icon`) VALUES
(1, 0, 1, NULL, 'AdminDashboard', 1, 0, 'dashboard'),
(2, 0, 2, NULL, 'SELL', 1, 0, ''),
(3, 2, 1, NULL, 'AdminParentOrders', 1, 0, 'shopping_basket'),
(4, 3, 1, NULL, 'AdminOrders', 1, 0, ''),
(5, 3, 20, NULL, 'AdminInvoices', 1, 0, ''),
(6, 3, 3, NULL, 'AdminSlip', 0, 0, ''),
(7, 3, 4, NULL, 'AdminDeliverySlip', 0, 0, ''),
(8, 3, 5, NULL, 'AdminCarts', 1, 0, ''),
(9, 2, 2, NULL, 'AdminCatalog', 1, 0, 'widgets'),
(10, 9, 1, NULL, 'AdminProducts', 1, 0, ''),
(11, 9, 2, NULL, 'AdminCategories', 1, 0, ''),
(12, 9, 5, NULL, 'AdminTracking', 1, 0, ''),
(13, 9, 3, NULL, 'AdminParentAttributesGroups', 1, 0, ''),
(14, 13, 1, NULL, 'AdminAttributesGroups', 1, 0, ''),
(15, 13, 2, NULL, 'AdminFeatures', 1, 0, ''),
(16, 9, 4, NULL, 'AdminParentManufacturers', 1, 0, ''),
(17, 16, 1, NULL, 'AdminManufacturers', 1, 0, ''),
(18, 16, 2, NULL, 'AdminSuppliers', 1, 0, ''),
(19, 9, 20, NULL, 'AdminAttachments', 1, 0, ''),
(20, 2, 6, NULL, 'AdminParentCartRules', 1, 0, 'local_atm'),
(21, 20, 1, NULL, 'AdminCartRules', 1, 0, ''),
(22, 20, 2, NULL, 'AdminSpecificPriceRule', 1, 0, ''),
(23, 9, 8, NULL, 'AdminStockManagement', 1, 0, ''),
(24, 2, 3, NULL, 'AdminParentCustomer', 1, 0, 'account_circle'),
(25, 24, 1, NULL, 'AdminCustomers', 1, 0, ''),
(26, 24, 2, NULL, 'AdminAddresses', 1, 0, ''),
(27, 24, 3, NULL, 'AdminOutstanding', 0, 0, ''),
(28, 2, 4, NULL, 'AdminParentCustomerThreads', 1, 0, 'chat'),
(29, 28, 1, NULL, 'AdminCustomerThreads', 1, 0, ''),
(30, 28, 2, NULL, 'AdminOrderMessage', 1, 0, ''),
(31, 28, 3, NULL, 'AdminReturn', 0, 0, ''),
(32, 2, 10, NULL, 'AdminStats', 0, 0, 'assessment'),
(33, 2, 5, NULL, 'AdminStock', 1, 0, 'store'),
(34, 33, 1, NULL, 'AdminWarehouses', 1, 0, ''),
(35, 33, 2, NULL, 'AdminParentStockManagement', 1, 0, ''),
(36, 35, 1, NULL, 'AdminStockManagement', 1, 0, ''),
(37, 36, 1, NULL, 'AdminStockMvt', 1, 0, ''),
(38, 36, 2, NULL, 'AdminStockInstantState', 1, 0, ''),
(39, 36, 3, NULL, 'AdminStockCover', 1, 0, ''),
(40, 33, 3, NULL, 'AdminSupplyOrders', 1, 0, ''),
(41, 33, 4, NULL, 'AdminStockConfiguration', 1, 0, ''),
(42, 0, 4, NULL, 'IMPROVE', 1, 0, ''),
(43, 42, 1, NULL, 'AdminParentModulesSf', 0, 0, 'extension'),
(44, 43, 0, NULL, 'AdminModulesSf', 0, 0, ''),
(45, 44, 1, NULL, 'AdminModulesManage', 0, 0, ''),
(46, 44, 2, NULL, 'AdminModulesCatalog', 0, 0, ''),
(47, 44, 3, NULL, 'AdminModulesNotifications', 0, 0, ''),
(48, 43, 2, NULL, 'AdminModules', 0, 0, ''),
(49, 43, 3, NULL, 'AdminAddonsCatalog', 1, 0, ''),
(50, 42, 1, NULL, 'AdminParentThemes', 1, 0, 'desktop_mac'),
(51, 121, 1, '', 'AdminThemes', 1, 0, ''),
(52, 50, 2, NULL, 'AdminThemesCatalog', 0, 0, ''),
(53, 117, 1, NULL, 'AdminCmsContent', 1, 0, 'library_add'),
(54, 121, 5, NULL, 'AdminModulesPositions', 1, 0, ''),
(55, 99, 2, NULL, 'AdminImages', 1, 0, ''),
(56, 42, 3, NULL, 'AdminParentShipping', 0, 0, 'local_shipping'),
(57, 59, 3, NULL, 'AdminCarriers', 1, 0, ''),
(58, 56, 2, NULL, 'AdminShipping', 1, 0, ''),
(59, 42, 5, NULL, 'AdminParentPayment', 1, 0, 'payment'),
(60, 59, 1, NULL, 'AdminPayment', 0, 0, ''),
(61, 59, 2, NULL, 'AdminPaymentPreferences', 1, 0, ''),
(62, 42, 6, NULL, 'AdminInternational', 1, 0, 'language'),
(63, 62, 1, NULL, 'AdminParentLocalization', 0, 0, ''),
(64, 63, 1, NULL, 'AdminLocalization', 1, 0, ''),
(65, 62, 1, NULL, 'AdminLanguages', 1, 0, ''),
(66, 62, 2, NULL, 'AdminCurrencies', 1, 0, ''),
(67, 63, 4, NULL, 'AdminGeolocation', 0, 0, ''),
(68, 59, 4, NULL, 'AdminParentCountries', 1, 0, ''),
(69, 68, 1, NULL, 'AdminZones', 1, 0, ''),
(70, 68, 2, NULL, 'AdminCountries', 1, 0, ''),
(71, 68, 3, NULL, 'AdminStates', 0, 0, ''),
(72, 62, 3, NULL, 'AdminParentTaxes', 1, 0, ''),
(73, 72, 1, NULL, 'AdminTaxes', 1, 0, ''),
(74, 72, 2, NULL, 'AdminTaxRulesGroup', 1, 0, ''),
(75, 62, 4, NULL, 'AdminTranslations', 0, 0, ''),
(76, 0, 5, NULL, 'CONFIGURE', 1, 0, ''),
(77, 76, 1, NULL, 'ShopParameters', 1, 0, 'settings'),
(78, 77, 1, NULL, 'AdminParentPreferences', 0, 0, ''),
(79, 78, 1, NULL, 'AdminPreferences', 1, 0, ''),
(80, 77, 7, NULL, 'AdminMaintenance', 1, 0, ''),
(81, 77, 2, NULL, 'AdminParentOrderPreferences', 0, 0, ''),
(82, 81, 1, NULL, 'AdminOrderPreferences', 1, 0, ''),
(83, 81, 2, NULL, 'AdminStatuses', 1, 0, ''),
(84, 77, 2, NULL, 'AdminPPreferences', 1, 0, 'list'),
(85, 77, 5, NULL, 'AdminParentCustomerPreferences', 0, 0, ''),
(86, 85, 1, NULL, 'AdminCustomerPreferences', 1, 0, ''),
(87, 24, 4, NULL, 'AdminGroups', 1, 0, ''),
(88, 24, 5, NULL, 'AdminGenders', 1, 0, ''),
(89, 42, 3, NULL, 'AdminParentStores', 1, 0, 'email'),
(90, 89, 2, NULL, 'AdminContacts', 1, 0, ''),
(91, 89, 1, NULL, 'AdminStores', 1, 0, ''),
(92, 77, 8, NULL, 'AdminParentMeta', 0, 0, ''),
(93, 117, 2, NULL, 'AdminMeta', 1, 0, 'library_books'),
(94, 92, 2, NULL, 'AdminSearchEngines', 1, 0, ''),
(95, 92, 3, NULL, 'AdminReferrers', 1, 0, ''),
(96, 9, 10, NULL, 'AdminParentSearchConf', 1, 0, 'search'),
(97, 96, 1, NULL, 'AdminSearchConf', 1, 0, ''),
(98, 96, 2, NULL, 'AdminTags', 1, 0, ''),
(99, 76, 2, NULL, 'AdminAdvancedParameters', 1, 0, 'settings_applications'),
(100, 99, 20, NULL, 'AdminInformation', 0, 0, ''),
(101, 99, 5, NULL, 'AdminPerformance', 1, 0, ''),
(102, 99, 3, NULL, 'AdminAdminPreferences', 0, 0, ''),
(103, 89, 3, NULL, 'AdminEmails', 1, 0, ''),
(104, 99, 4, NULL, 'AdminImport', 1, 0, ''),
(105, 77, 6, NULL, 'AdminParentEmployees', 1, 0, ''),
(106, 105, 1, NULL, 'AdminEmployees', 1, 0, ''),
(107, 105, 2, NULL, 'AdminProfiles', 1, 0, ''),
(108, 105, 3, NULL, 'AdminAccess', 0, 0, ''),
(109, 99, 1, NULL, 'AdminParentRequestSql', 1, 0, ''),
(110, 109, 1, NULL, 'AdminRequestSql', 1, 0, ''),
(111, 109, 2, NULL, 'AdminBackup', 0, 0, ''),
(112, 99, 8, NULL, 'AdminLogs', 1, 0, ''),
(113, 99, 9, NULL, 'AdminWebservice', 1, 0, ''),
(114, 99, 10, NULL, 'AdminShopGroup', 0, 0, ''),
(115, 99, 11, NULL, 'AdminShopUrl', 0, 0, ''),
(116, -1, 1, NULL, 'AdminQuickAccesses', 1, 0, ''),
(117, 0, 3, NULL, 'DEFAULT', 1, 0, ''),
(118, -1, 2, NULL, 'AdminPatterns', 1, 0, ''),
(119, -1, 3, 'dashgoals', 'AdminDashgoals', 1, 0, ''),
(120, 121, 6, 'ps_linklist', 'AdminLinkWidget', 0, 0, ''),
(121, 50, 1, '', 'AdminThemesParent', 1, 0, ''),
(122, 121, 2, 'ps_themecusto', 'AdminPsThemeCustoConfiguration', 1, 0, ''),
(123, 50, 4, 'ps_themecusto', 'AdminPsThemeCustoAdvanced', 1, 0, ''),
(131, -1, 4, 'simplicity_fbmessaging', 'AdminSimplicityFbMessaging', 1, 0, ''),
(132, 2, 20, 'paypal', 'AdminParentPaypalConfiguration', 0, 0, 'payment'),
(133, 132, 1, 'paypal', 'AdminPaypalConfiguration', 1, 0, ''),
(134, 133, 1, 'paypal', 'AdminPayPalSetup', 1, 0, ''),
(135, 133, 2, 'paypal', 'AdminPayPalCustomizeCheckout', 1, 0, ''),
(136, 133, 3, 'paypal', 'AdminPayPalHelp', 1, 0, ''),
(137, 133, 4, 'paypal', 'AdminPayPalLogs', 1, 0, ''),
(138, 132, 2, 'paypal', 'AdminPaypalProcessLogger', 1, 0, ''),
(139, 77, 9, NULL, 'AdminParentMailTheme', 0, 0, ''),
(140, 139, 1, NULL, 'AdminMailTheme', 1, 0, ''),
(141, -1, 5, 'ps_faviconnotificationbo', 'AdminAjaxFaviconBO', 1, 0, ''),
(142, 148, 3, 'simplicity_logo', 'AdminSimplicityLogo', 1, 0, ''),
(143, 59, 1, 'simplicity_tab', 'AdminSimplicityTabPS', 1, 0, 'apps'),
(144, 42, 10, 'simplicity_tab', 'AdminSimplicityTabMarTech', 1, 0, 'linear_scale'),
(145, 20, 3, 'simplicity_tab', 'AdminSimplicityTabDiscount', 1, 0, ''),
(146, 24, 6, 'ps_emailsubscription', 'AdminPsEmailSubscription', 1, 0, ''),
(147, 148, 2, 'simplicity_custom', 'AdminSimplicityCustom', 1, 0, ''),
(148, 50, 2, '', 'AdminCustomParent', 1, 0, ''),
(149, 117, 3, 'simplicity_tab', 'AdminSimplicityTabContent', 1, 0, 'art_track'),
(150, 117, 4, 'simplicity_blog', 'AdminSimplicityBlog', 0, 0, 'edit'),
(151, -1, 0, 'simplicity_feed', 'AdminSimplicityFeed', 1, 0, 'edit');







TRUNCATE TABLE `ps_tab_lang`;
INSERT INTO `ps_tab_lang` (`id_tab`, `id_lang`, `name`) VALUES
(1, 1, '儀表板'),
(1, 2, '仪表盘'),
(1, 3, '仪表盘'),
(1, 4, '仪表盘'),
(2, 1, '商店銷售'),
(2, 2, '商店銷售'),
(2, 3, '商店銷售'),
(2, 4, '商店銷售'),
(3, 1, '訂單管理'),
(3, 2, '订单'),
(3, 3, '订单'),
(3, 4, '订单'),
(4, 1, '訂單列表'),
(4, 2, '订单'),
(4, 3, '订单'),
(4, 4, '订单'),
(5, 1, '批次匯出銷貨單'),
(5, 2, '发票'),
(5, 3, '发票'),
(5, 4, '发票'),
(6, 1, '貸方票據'),
(6, 2, 'Avoirs'),
(6, 3, 'Avoirs'),
(6, 4, 'Avoirs'),
(7, 1, '送貨單'),
(7, 2, '交货单'),
(7, 3, '交货单'),
(7, 4, '交货单'),
(8, 1, '加入購物車紀錄'),
(8, 2, '购物车'),
(8, 3, '购物车'),
(8, 4, '购物车'),
(9, 1, '商品管理'),
(9, 2, '分类'),
(9, 3, '分类'),
(9, 4, '分类'),
(10, 1, '商品列表'),
(10, 2, '单件商品'),
(10, 3, '单件商品'),
(10, 4, '单件商品'),
(11, 1, '分類列表'),
(11, 2, '分类'),
(11, 3, '分类'),
(11, 4, '分类'),
(12, 1, '商品檢查'),
(12, 2, '监测'),
(12, 3, '监测'),
(12, 4, '监测'),
(13, 1, '規格＆特色'),
(13, 2, '属性和功能'),
(13, 3, '属性和功能'),
(13, 4, '属性和功能'),
(14, 1, '規格列表'),
(14, 2, '特征'),
(14, 3, '特征'),
(14, 4, '特征'),
(15, 1, '特色列表'),
(15, 2, '特性'),
(15, 3, '特性'),
(15, 4, '特性'),
(16, 1, '品牌＆供應商'),
(16, 2, '品牌 & 供应商'),
(16, 3, '品牌 & 供应商'),
(16, 4, '品牌 & 供应商'),
(17, 1, '品牌'),
(17, 2, '品牌'),
(17, 3, '品牌'),
(17, 4, '品牌'),
(18, 1, '供應商'),
(18, 2, '供应商'),
(18, 3, '供应商'),
(18, 4, '供应商'),
(19, 1, '檔案附件'),
(19, 2, '文件'),
(19, 3, '文件'),
(19, 4, '文件'),
(20, 1, '折扣規則'),
(20, 2, 'Discounts'),
(20, 3, '折扣'),
(20, 4, '割引'),
(21, 1, '條件折扣、優惠券'),
(21, 2, '购物车规则'),
(21, 3, '购物车规则'),
(21, 4, '购物车规则'),
(22, 1, '全館特價'),
(22, 2, 'Règles de prix catalogue'),
(22, 3, 'Règles de prix catalogue'),
(22, 4, 'Règles de prix catalogue'),
(23, 1, '庫存管理'),
(23, 2, 'Stocks'),
(23, 3, 'Stocks'),
(23, 4, 'Stocks'),
(24, 1, '客戶管理'),
(24, 2, '客户'),
(24, 3, '客户'),
(24, 4, '客户'),
(25, 1, '客戶列表'),
(25, 2, '客户'),
(25, 3, '客户'),
(25, 4, '客户'),
(26, 1, '客戶地址'),
(26, 2, 'Addresses'),
(26, 3, '地址'),
(26, 4, '住所'),
(27, 1, '未付'),
(27, 2, '未支付'),
(27, 3, '未支付'),
(27, 4, '未支付'),
(28, 1, '客服問答'),
(28, 2, '客户服务'),
(28, 3, '客户服务'),
(28, 4, '客户服务'),
(29, 1, '問題列表'),
(29, 2, '客户服务'),
(29, 3, '客户服务'),
(29, 4, '客户服务'),
(30, 1, '預設回覆'),
(30, 2, 'Messages prédéfinis'),
(30, 3, 'Messages prédéfinis'),
(30, 4, 'Messages prédéfinis'),
(31, 1, '退貨'),
(31, 2, 'Retours produit'),
(31, 3, 'Retours produit'),
(31, 4, 'Retours produit'),
(32, 1, '統計報表'),
(32, 2, '统计信息'),
(32, 3, '统计信息'),
(32, 4, '统计信息'),
(34, 1, '倉庫'),
(34, 2, '仓库'),
(34, 3, '仓库'),
(34, 4, '仓库'),
(35, 1, '存貨管理'),
(35, 2, 'Gestion de stock'),
(35, 3, 'Gestion de stock'),
(35, 4, 'Gestion de stock'),
(36, 1, '存貨管理'),
(36, 2, 'Gestion de stock'),
(36, 3, 'Gestion de stock'),
(36, 4, 'Gestion de stock'),
(37, 1, '庫存變動'),
(37, 2, '库存变动'),
(37, 3, '库存变动'),
(37, 4, '库存变动'),
(38, 1, '即時庫存狀況'),
(38, 2, 'Etat instantané du stock'),
(38, 3, 'Etat instantané du stock'),
(38, 4, 'Etat instantané du stock'),
(39, 1, '現貨供應情況'),
(39, 2, '库存范围'),
(39, 3, '库存范围'),
(39, 4, '库存范围'),
(40, 1, '採購訂單'),
(40, 2, '供应订单'),
(40, 3, '供应订单'),
(40, 4, '供应订单'),
(41, 1, '設定'),
(41, 2, 'Configure'),
(41, 3, '配置'),
(41, 4, '設定'),
(42, 1, '網站建置'),
(42, 2, '改进'),
(42, 3, '改进'),
(42, 4, '改进'),
(43, 1, '模組'),
(43, 2, '模块'),
(43, 3, '模块'),
(43, 4, '模块'),
(44, 1, '模組及服務'),
(44, 2, '模块和服务'),
(44, 3, '模块和服务'),
(44, 4, '模块和服务'),
(45, 1, '已安裝模組'),
(45, 2, '已安装的模块'),
(45, 3, '已安装的模块'),
(45, 4, '已安装的模块'),
(46, 1, '選項'),
(46, 2, '选择'),
(46, 3, '选择'),
(46, 4, '选择'),
(47, 1, '提醒'),
(47, 2, '通知'),
(47, 3, '通知'),
(47, 4, '通知'),
(49, 1, '模組目錄'),
(49, 2, '模块目录'),
(49, 3, '模块目录'),
(49, 4, '模块目录'),
(50, 1, '佈景＆樣式'),
(50, 2, '佈景＆樣式'),
(50, 3, '佈景＆樣式'),
(50, 4, '佈景＆樣式'),
(51, 1, 'LOGO＆佈景主題＆版型'),
(51, 2, 'Theme & Logo'),
(51, 3, 'Theme & Logo'),
(51, 4, 'テーマとロゴ'),
(52, 1, '佈景目錄'),
(52, 2, '主题分类'),
(52, 3, '主题分类'),
(52, 4, '主题分类'),
(53, 1, '自訂頁面'),
(53, 2, '网页'),
(53, 3, '网页'),
(53, 4, '网页'),
(54, 1, '模組位置與排序'),
(54, 2, 'Positions'),
(54, 3, '位置'),
(54, 4, '位置'),
(55, 1, '縮圖規則'),
(55, 2, '图像设置'),
(55, 3, '图像设置'),
(55, 4, '图像设置'),
(56, 1, '運費'),
(56, 2, '配送'),
(56, 3, '配送'),
(56, 4, '配送'),
(57, 1, '配送方式（運費規則）'),
(57, 2, '货运商'),
(57, 3, '货运商'),
(57, 4, '货运商'),
(58, 1, '偏好設定'),
(58, 2, '选项'),
(58, 3, '选项'),
(58, 4, '选项'),
(59, 1, '金物流'),
(59, 2, '付款'),
(59, 3, '付款'),
(59, 4, '付款'),
(60, 1, 'Payment Methods'),
(60, 2, 'Payment Methods'),
(60, 3, 'Payment Methods'),
(60, 4, '支払い方法'),
(61, 1, '金流規則'),
(61, 2, '选项'),
(61, 3, '选项'),
(61, 4, '选项'),
(62, 1, '多國設定'),
(62, 2, '国际'),
(62, 3, '国际'),
(62, 4, '国际'),
(63, 1, '本地'),
(63, 2, 'Localization'),
(63, 3, '本地化'),
(63, 4, '地域設定'),
(64, 1, '本地'),
(64, 2, 'Localization'),
(64, 3, '本地化'),
(64, 4, '地域設定'),
(65, 1, '多國語言'),
(65, 2, '语言'),
(65, 3, '语言'),
(65, 4, '语言'),
(66, 1, '多國貨幣'),
(66, 2, '货币'),
(66, 3, '货币'),
(66, 4, '货币'),
(67, 1, '地理位置'),
(67, 2, 'Geolocation'),
(67, 3, '地理位置'),
(67, 4, '位置情報'),
(68, 1, '配送區域'),
(68, 2, '地点'),
(68, 3, '地点'),
(68, 4, '地点'),
(69, 1, '地區'),
(69, 2, '洲'),
(69, 3, '洲'),
(69, 4, '洲'),
(70, 1, '國家'),
(70, 2, '国家'),
(70, 3, '国家'),
(70, 4, '国家'),
(71, 1, '州'),
(71, 2, '省/市'),
(71, 3, '省/市'),
(71, 4, '省/市'),
(72, 1, '各國稅率'),
(72, 2, '税'),
(72, 3, '税'),
(72, 4, '税'),
(73, 1, '各國稅率'),
(73, 2, '税'),
(73, 3, '税'),
(73, 4, '税'),
(74, 1, '稅務規則'),
(74, 2, '税法'),
(74, 3, '税法'),
(74, 4, '税法'),
(75, 1, '翻譯'),
(75, 2, '翻译'),
(75, 3, '翻译'),
(75, 4, '翻译'),
(76, 1, '更多'),
(76, 2, '更多'),
(76, 3, '更多'),
(76, 4, '更多'),
(77, 1, '進階選項'),
(77, 2, 'Shop Parameters'),
(77, 3, 'Shop Parameters'),
(77, 4, 'Shop Parameters'),
(78, 1, '一般'),
(78, 2, 'General'),
(78, 3, '一般'),
(78, 4, '一般'),
(79, 1, '一般'),
(79, 2, 'General'),
(79, 3, '一般'),
(79, 4, '一般'),
(80, 1, '網站維護'),
(80, 2, '维护'),
(80, 3, '维护'),
(80, 4, '维护'),
(81, 1, '訂購設定'),
(81, 2, '订单设置'),
(81, 3, '订单设置'),
(81, 4, '订单设置'),
(82, 1, '訂購設定'),
(82, 2, '订单设置'),
(82, 3, '订单设置'),
(82, 4, '订单设置'),
(83, 1, 'États'),
(83, 2, '状态'),
(83, 3, '状态'),
(83, 4, '状态'),
(84, 1, '商品規則'),
(84, 2, '单件商品'),
(84, 3, '单件商品'),
(84, 4, '单件商品'),
(85, 1, '客戶'),
(85, 2, '客户设置'),
(85, 3, '客户设置'),
(85, 4, '客户设置'),
(86, 1, '客戶'),
(86, 2, '客户'),
(86, 3, '客户'),
(86, 4, '客户'),
(87, 1, '客戶群組'),
(87, 2, '组'),
(87, 3, '组'),
(87, 4, '组'),
(88, 1, '客戶稱謂'),
(88, 2, 'Titres de civilité'),
(88, 3, 'Titres de civilité'),
(88, 4, 'Titres de civilité'),
(89, 1, '聯絡我們'),
(89, 2, '联系我们'),
(89, 3, '联系我们'),
(89, 4, '联系我们'),
(90, 1, '客服信箱'),
(90, 2, '联系方式'),
(90, 3, '联系方式'),
(90, 4, '联系方式'),
(91, 1, '商家資訊'),
(91, 2, '店铺'),
(91, 3, '店铺'),
(91, 4, '店铺'),
(92, 1, 'Traffic & SEO'),
(92, 2, 'Traffic & SEO'),
(92, 3, 'Traffic & SEO'),
(92, 4, 'トラフィックとSEOの設定'),
(93, 1, '內建頁面'),
(93, 2, 'SEO＆URL'),
(93, 3, 'SEO＆URL'),
(93, 4, 'SEO＆URL'),
(94, 1, '搜索引擎'),
(94, 2, 'Search Engines'),
(94, 3, '搜索引擎'),
(94, 4, '検索エンジン'),
(95, 1, '來源'),
(95, 2, '推荐'),
(95, 3, '推荐'),
(95, 4, '推荐'),
(96, 1, '商品搜尋'),
(96, 2, '搜索'),
(96, 3, '搜索'),
(96, 4, '搜索'),
(97, 1, '搜尋規則'),
(97, 2, '搜索'),
(97, 3, '搜索'),
(97, 4, '搜索'),
(98, 1, '商品標籤'),
(98, 2, '标签'),
(98, 3, '标签'),
(98, 4, '标签'),
(99, 1, '開發人員選項'),
(99, 2, '高级参数'),
(99, 3, '高级参数'),
(99, 4, '高级参数'),
(100, 1, '主機資訊'),
(100, 2, '信息'),
(100, 3, '信息'),
(100, 4, '信息'),
(101, 1, '快取＆CDN'),
(101, 2, '性能'),
(101, 3, '性能'),
(101, 4, '性能'),
(102, 1, '管理'),
(102, 2, '行政'),
(102, 3, '行政'),
(102, 4, '行政'),
(103, 1, '通知信'),
(103, 2, '邮箱'),
(103, 3, '邮箱'),
(103, 4, '邮箱'),
(104, 1, '資料匯入'),
(104, 2, '上传'),
(104, 3, '上传'),
(104, 4, '上传'),
(105, 1, '後台子帳號'),
(105, 2, '雇员'),
(105, 3, '雇员'),
(105, 4, '雇员'),
(106, 1, '帳號'),
(106, 2, '雇员'),
(106, 3, '雇员'),
(106, 4, '雇员'),
(107, 1, '部門'),
(107, 2, '职位'),
(107, 3, '职位'),
(107, 4, '职位'),
(108, 1, '權限'),
(108, 2, '权限'),
(108, 3, '权限'),
(108, 4, '权限'),
(109, 1, 'SQL 查詢'),
(109, 2, '数据库'),
(109, 3, '数据库'),
(109, 4, '数据库'),
(110, 1, 'SQL 查詢'),
(110, 2, 'SQL Manager'),
(110, 3, 'SQL管理器'),
(110, 4, 'SQL マネージャ'),
(111, 1, '數據庫備份'),
(111, 2, '数据库备份'),
(111, 3, '数据库备份'),
(111, 4, '数据库备份'),
(112, 1, 'Logs'),
(112, 2, 'Logs'),
(112, 3, 'Logs'),
(112, 4, 'Logs'),
(113, 1, 'RESTful API\r\n'),
(113, 2, 'Web服务'),
(113, 3, 'Web服务'),
(113, 4, 'Web服务'),
(114, 1, 'Multiboutique'),
(114, 2, 'Multistore'),
(114, 3, 'Multiboutique'),
(114, 4, 'マルチストア'),
(115, 1, 'Multiboutique'),
(115, 2, 'Multistore'),
(115, 3, 'Multiboutique'),
(115, 4, 'マルチストア'),
(116, 1, '快速連結'),
(116, 2, '快速通道'),
(116, 3, '快速通道'),
(116, 4, '快速通道'),
(117, 1, '內容編輯'),
(117, 2, 'More'),
(117, 3, '更多'),
(117, 4, 'もっと'),
(119, 1, 'Dashgoals'),
(119, 2, 'Dashgoals'),
(119, 3, 'Dashgoals'),
(119, 4, 'Dashgoals'),
(120, 1, '連結區塊'),
(120, 2, 'Link Widget'),
(120, 3, 'Link Widget'),
(120, 4, 'Link Widget'),
(121, 1, '內建佈景＆模組'),
(121, 2, 'Theme & Logo'),
(121, 3, 'Theme & Logo'),
(121, 4, 'テーマとロゴ'),
(122, 1, '頁面與模組對照'),
(122, 2, 'Homepage Configuration'),
(122, 3, 'Homepage Configuration'),
(122, 4, 'Homepage Configuration'),
(123, 1, '客製佈景'),
(123, 2, 'Advanced Customization'),
(123, 3, 'Advanced Customization'),
(123, 4, 'Advanced Customization'),
(131, 1, 'AdminSimplicityFbMessaging'),
(131, 2, 'AdminSimplicityFbMessaging'),
(131, 3, 'AdminSimplicityFbMessaging'),
(131, 4, 'AdminSimplicityFbMessaging'),
(132, 1, 'PayPal Official'),
(132, 2, 'PayPal Official'),
(132, 3, 'PayPal Official'),
(132, 4, 'PayPal Official'),
(133, 1, 'Configuration'),
(133, 2, 'Configuration'),
(133, 3, 'Configuration'),
(133, 4, 'Configuration'),
(134, 1, 'Setup'),
(134, 2, 'Setup'),
(134, 3, 'Setup'),
(134, 4, 'Setup'),
(135, 1, 'Experience'),
(135, 2, 'Experience'),
(135, 3, 'Experience'),
(135, 4, 'Experience'),
(136, 1, 'Help'),
(136, 2, 'Help'),
(136, 3, 'Help'),
(136, 4, 'Help'),
(137, 1, 'Logs'),
(137, 2, 'Logs'),
(137, 3, 'Logs'),
(137, 4, 'Logs'),
(138, 1, 'Logger'),
(138, 2, 'Logger'),
(138, 3, 'Logger'),
(138, 4, 'Logger'),
(139, 1, '通知信樣板'),
(139, 2, '通知信樣板'),
(139, 3, '通知信樣板'),
(139, 4, '通知信樣板'),
(140, 1, '通知信樣板'),
(140, 2, '通知信樣板'),
(140, 3, '通知信樣板'),
(140, 4, '通知信樣板'),
(141, 1, 'ps_faviconnotificationbo'),
(141, 2, 'ps_faviconnotificationbo'),
(141, 3, 'ps_faviconnotificationbo'),
(141, 4, 'ps_faviconnotificationbo'),
(142, 1, 'LOGO'),
(142, 2, 'LOGO'),
(142, 3, 'LOGO'),
(142, 4, 'LOGO'),
(143, 1, '金物流模組'),
(143, 2, '金物流模組'),
(143, 3, '金物流模組'),
(143, 4, '金物流模組'),
(144, 1, '串接＆應用'),
(144, 2, '串接＆應用'),
(144, 3, '串接＆應用'),
(144, 4, '串接＆應用'),
(145, 1, '折扣模組'),
(145, 2, '折扣模組'),
(145, 3, '折扣模組'),
(145, 4, '折扣模組'),
(146, 1, '電子報訂戶'),
(146, 2, '電子報訂戶'),
(146, 3, '電子報訂戶'),
(146, 4, '電子報訂戶'),
(147, 1, '微客製'),
(147, 2, '微客製'),
(147, 3, '微客製'),
(147, 4, '微客製'),
(148, 1, '微客製'),
(148, 2, '微客製'),
(148, 3, '微客製'),
(148, 4, '微客製'),
(149, 1, '內容模組'),
(149, 2, '內容模組'),
(149, 3, '內容模組'),
(149, 4, '內容模組'),
(150, 1, '部落格'),
(150, 2, '部落格'),
(150, 3, '部落格'),
(150, 4, '部落格'),
(151, 1, '產品目錄'),
(151, 2, '產品目錄'),
(151, 3, '產品目錄'),
(151, 4, '產品目錄');